;;;;;;;;;;;;;Methodes;;;;;;;;;;;;;;;;;;;;;;;;;;;;;;;;;;;;;;;;;;;;;;;;;;;;;;;;;;;;;;;;;;;;;;;;;;;;;;;;;;;;;;;;;;;;;;;;;;;;;;;;;;;;;;;;;;;;;;;;;;;;;;;;;;;;;;;;;;;;;;;;;;;;;;;;;;;;;;;;;;;;;;;;;;;;;;;;;;;;;;;;;;;;;;;;;;;;;;;;;;;;;;;;;;;;;;;;;;;;;;;;;;;;;;;;;;;;;;;;;;;;;;;;;;;;;;;;;;;;;;;;;;;;;;;;;;;;;;;;;;;
Materials;;;;;;;;;;;;Characteristics for methodes;Deposition methods;;;Powder bed fusion;;;;;Printing methods;;;Sheet lamination;;Stereolithography;;;;;;;;;;;;;;;;;;;;;;;;;;;;;;;;;;;;;;;;;;;;;;;;;;;;;;;;;;;;;;;;;;;;;;;;;;;;;;;;;;;;;;;;;;;;;;;;;;;;;;;;;;;;;;;;;;;;;;;;;;;;;;;;;;;;;;;;;;;;;;;;;;;;;;;;;;;;;;;;;;;;;;;;;;;;;;;;;;;;;;;;;;;;;;;;;;;;;;;;;;;;;;;;;;;;;;;;;;;;;;;;;;;;;;;;;;;;;;;;;;;;;;;;;;;;;;;;;;;;;;;;;;;;;;
;;;;;;;;;;;;;Ballistic particle (obsolete);Laser powder forming (LENS);Material extrusion (FDM);Electron beam melting (EBM);Selective laser melting;Selective laser sintering. metals and ceramics (DMLS);Selective laser sintering. polymers (SLS);Solid ground curing (obsolete);Binder jetting;Ceramic  mold prototyping for metals casting;Material jetting (polyjet);Laminated object manufecture;Ultrasonic consolidation;Mask projection stereolithography;Stereolithography (SLA);;;;;;;;;;;;;;;;;;;;;;;;;;;;;;;;;;;;;;;;;;;;;;;;;;;;;;;;;;;;;;;;;;;;;;;;;;;;;;;;;;;;;;;;;;;;;;;;;;;;;;;;;;;;;;;;;;;;;;;;;;;;;;;;;;;;;;;;;;;;;;;;;;;;;;;;;;;;;;;;;;;;;;;;;;;;;;;;;;;;;;;;;;;;;;;;;;;;;;;;;;;;;;;;;;;;;;;;;;;;;;;;;;;;;;;;;;;;;;;;;;;;;;;;;;;;;;;;;;;;;;;;;;;;;
;;;;;;;;;;;;Circular prismatic;+;+;+;+;+;+;+;+;+;+;+;+;+;+;+;;;;;;;;;;;;;;;;;;;;;;;;;;;;;;;;;;;;;;;;;;;;;;;;;;;;;;;;;;;;;;;;;;;;;;;;;;;;;;;;;;;;;;;;;;;;;;;;;;;;;;;;;;;;;;;;;;;;;;;;;;;;;;;;;;;;;;;;;;;;;;;;;;;;;;;;;;;;;;;;;;;;;;;;;;;;;;;;;;;;;;;;;;;;;;;;;;;;;;;;;;;;;;;;;;;;;;;;;;;;;;;;;;;;;;;;;;;;;;;;;;;;;;;;;;;;;;;;;;;;;;;;;;;;;
;;;;;;;;;;;;Non-circular prismatic;+;+;+;+;+;+;+;+;+;+;+;+;+;+;+;;;;;;;;;;;;;;;;;;;;;;;;;;;;;;;;;;;;;;;;;;;;;;;;;;;;;;;;;;;;;;;;;;;;;;;;;;;COUT;;;;;;;;;;;;;;;;;;;;;;;;;;;;;;;;;;;;;;;;;;;;;;;;;;;;;;;;;;;;;;;;;;;;;;;;;;;;;;;;;;;;;;;;;;;;;;;;;;;;;;;;;;;;;;;;;;;;;;;;;;;;;;;;;;;;;;;;;;;;;;;;;;;;;;;;;;;;;;;;;;;;;;;;;;;;;;;;;;;;;;;;;;;;;;;;;;
;;;;;;;;;;;;Flat sheet;+;+;+;+;+;+;+;+;+;+;+;+;+;+;+;;;;;;;;;;;;;;;;;;;;;;;;;;;;;;;;;;;;;;;;;;;;;;;;;;;;;;;;;;;;;;;;;;;;;;;;;;;;;;;;;;;;;;;;;;;;;;;;;;;;;;;;;;;;;;;;;;;;;;;;;;;;;;;;;;;;;;;;;;;;;;;;;;;;;;;;;;;;;;;;;;;;;;;;;;;;;;;;;;;;;;;;;;;;;;;;;;;;;;;;;;;;;;;;;;;;;;;;;;;;;;;;;;;;;;;;;;;;;;;;;;;;;;;;;;;;;;;;;;;;;;;;;;;;;
;;;;;;;;;;;;Dished sheet;+;+;+;+;+;+;+;+;+;+;+;+;+;+;+;;;;;;;;;;;;;;;;;;;;;;;;;;;;;;;;;;;;;;;;;;;;;;;;;;;;;;;;;;;;;;;;;;;;;;;;;;;;;;;;;;;;;;;;;;;;;;;;;;;;;;;;;;;;;;;;;;;;;;;;;;;;;;;;;;;;;;;;;;;;;;;;;;;;;;;;;;;;;;;;;;;;;;;;;;;;;;;;;;;;;;;;;;;;;;;;;;;;;;;;;;;;;;;;;;;;;;;;;;;;;;;;;;;;;;;;;;;;;;;;;;;;;;;;;;;;;;;;;;;;;;;;;;;;;
;;;;;;;;;;;;Solid 3-D;v;+;+;+;+;+;+;+;+;+;+;+;+;+;+;;;;;;;;;;;;;;;;;;;;;;;;;;;;;;;;;;;;;;;;;;;;;;;;;;;;;;;;;;;;;;;;;;;;;;;;;;;;;;;;;;;;;;;;;;;;;;;;;;;;;;;;;;;;;;;;;;;;;;;;;;;;;;;;;;;;;;;;;;;;;;;;;;;;;;;;;;;;;;;;;;;;;;;;;;;;;;;;;;;;;;;;;;;;;;;;;;;;;;;;;;;;;;;;;;;;;;;;;;;;;;;;;;;;;;;;;;;;;;;;;;;;;;;;;;;;;;;;;;;;;;;;;;;;;
;;;;;;;;;;;;Hollow 3-D;v;+;+;+;+;+;+;+;+;+;+;+;+;+;+;;;;;;;;;;;;;;;;;;;;;;;;;;;;;;;;;;;;;;;;;;;;;;;;;;;;;;;;;;;;;;;;;;;;;;;;;;;;;;;;;;;;;;;;;;;;;;;;;;;;;;;;;;;;;;;;;;;;;;;;;;;;;;;;;;;;;;;;;;;;;;;;;;;;;;;;;;;;;;;;;;;;;;;;;;;;;;;;;;;;;;;;;;;;;;;;;;;;;;;;;;;;;;;;;;;;;;;;;;;;;;;;;;;;;;;;;;;;;;;;;;;;;;;;;;;;;;;;;;;;;;;;;;;;;
;;;;;;;;;;;;Mass range [kg];0.1-8;0.1-15;0.1-15;0.05-10;0.1-5;0.1-20;0.1-20;0.1-30;0.1-50;0.1-30;0.1-10;0.1-50;0.03-50;0.01-3.8;0.1-10;;;;;;;;;;;;;;;;;;;;;;;;;;;;;;;;;;;;;;;;;;;;;;;;;;;;;;;;;;;;;;;;;;;;;;;;;;;;;;;;;;;;;;;;;;;;;;;;;;;;;;;;;;;;;;;;;;;;;;;;;;;;;;;;;;;;;;;;;;;;;;;;;;;;;;;;;;;;;;;;;;;;;;;;;;;;;;;;;;;;;;;;;;;;;;;;;;;;;;;;;;;;;;;;;;;;;;;;;;;;;;;;;;;;;;;;;;;;;;;;;;;;;;;;;;;;;;;;;;;;;;;;;;;;;
;;;;;;;;;;;;Range of section thickness [mm];1.5-100;no inf;0.5-100;not inf;not inf;0.8-100;0.8-100;0.7-100;not inf;0.8-100;1.2-100;1-100;not inf;not inf;0.5-100;;;;;;;;;;;;;;;;;;;;;;;;;;;;;;;;;;;;;;;;;;;;;;;;;;;;;;;;;;;;;;;;;;;;;;;;;;;;;;;;;;;;;;;;;;;;;;;;;;;;;;;;;;;;;;;;;;;;;;;;;;;;;;;;;;;;;;;;;;;;;;;;;;;;;;;;;;;;;;;;;;;;;;;;;;;;;;;;;;;;;;;;;;;;;;;;;;;;;;;;;;;;;;;;;;;;;;;;;;;;;;;;;;;;;;;;;;;;;;;;;;;;;;;;;;;;;;;;;;;;;;;;;;;;;
;;;;;;;;;;;;Tolerance [mm];0.36-2;no inf;0.127-2;not inf;not inf;0.2-0.8;0.2-0.8;0.1-2;not inf;0.1-0.5;0.3-2;0.25-2;not inf;not inf;0.1-2;;;;;;;;;;;;;;;;;;;;;;;;;;;;;;;;;;;;;;;;;;;;;;;;;;;;;;;;;;;;;;;;;;;;;;;;;;;;;;;;;;;;;;;;;;;;;;;;;;;;;;;;;;;;;;;;;;;;;;;;;;;;;;;;;;;;;;;;;;;;;;;;;;;;;;;;;;;;;;;;;;;;;;;;;;;;;;;;;;;;;;;;;;;;;;;;;;;;;;;;;;;;;;;;;;;;;;;;;;;;;;;;;;;;;;;;;;;;;;;;;;;;;;;;;;;;;;;;;;;;;;;;;;;;;
;;;;;;;;;;;;Roughness [µm];100-330;no inf;100-125;not inf;not inf;8-125;100-125;100-150;not inf;10.0-50;75-100;100-140;not inf;not inf;100-125;;;;;;;;;;;;;;;;;;;;;;;;;;;;;;;;;;;;;;;ENERGY;;;;;;;;;;;;;;;;;;;;;;;;;;;;;;;;;;;;;;;;;;;;;;;;;;;;;;;;;;;;;;;;;;;;;;;;;;;;;;;;;;;;;;NIVEAU DE CO2;;;;;;;;;;;;;;;;;;;;;;;;;;;;;;;;;;;;;;;;;;;;;;;;;;;;;;;;;;;;;;;;;;;;;;;;;;;;;;;;;;;;;;;;;;;;;;;;;;;;;;;;;;;;;;;;;;;;;;;;;;;;;;;;;;;;;;;;;;;;;;;;
;;;;;;;;;;;;Primary shaping processes;+;+;+;+;+;+;+;+;+;+;+;-;+;+;+;;;;;;;;;;;;;;;;;;;;;;;;;;;;;;;;;;;;;;;;;;;;;;;;;;;;;;;;;;;;;;;;;;;;;;;;;;;;;;;;;;;;;;;;;;;;;;;;;;;;;;;;;;;;;;;;;;;;;;;;;;;;;;;;;;;;;;;;;;;;;;;;;;;;;;;;;;;;;;;;;;;;;;;;;;;;;;;;;;;;;;;;;;;;;;;;;;;;;;;;;;;;;;;;;;;;;;;;;;;;;;;;;;;;;;;;;;;;;;;;;;;;;;;;;;;;;;;;;;;;;;;;;;;;;
;;;;;;;;;;;;Secondary shaping processes;-;+;-;-;-;-;-;-;-;-;-;+;-;-;-;;;;;;;;;;;;;;;;;;;;;;;;;;;;;;;;;;;;;;;;;;;;;;;;;;;;;;;;;;;;;;;;;;;;;;;;;;;;;;;;;;;;;;;;;;;;;;;;;;;;;;;;;;;;;;;;;;;;;;;;;;;;;;;;;;;;;;;;;;;;;;;;;;;;;;;;;;;;;;;;;;;;;;;;;;;;;;;;;;;;;;;;;;;;;;;;;;;;;;;;;;;;;;;;;;;;;;;;;;;;;;;;;;;;;;;;;;;;;;;;;;;;;;;;;;;;;;;;;;;;;;;;;;;;;
;;;;;;;;;;;;Machining processes;-;-;-;-;-;-;-;-;-;-;-;-;-;-;-;;;;;;;;;;;;;;;;;;;;;;;;;;;;;;;;;;;;;;;;;;;;;;;;;;;;;;;;;;;;;;;;;;;;;;;;;;;;;;;;;;;;;;;;;;;;;;;;;;;;;;;;;;;;;;;;;;;;;;;;;;;;;;;;;;;;;;;;;;;;;;;;;;;;;;;;;;;;;;;;;;;;;;;;;;;;;;;;;;;;;;;;;;;;;;;;;;;;;;;;;;;;;;;;;;;;;;;;;;;;;;;;;;;;;;;;;;;;;;;;;;;;;;;;;;;;;;;;;;;;;;;;;;;;;
;;;;;;;;;;;;Prototyping;+;+;+;+;+;+;+;+;+;+;+;+;+;+;+;;;;;;;;;;;;;;;;;;;;;;;;;;;;;;;;;;;;;;;;;;;;;;;;;;;;;;;;;;;;;;;;;;;;;;;;;;;Mass range [kg];0.1;7.55;15;0.1;7.55;15;0.05;5.025;10;0.1;2.55;5;0.1;10.05;20;0.1;10.05;20;0.1;5.05;10;0.1;5.05;10;;;;;;;;;;;;;;;;;;;;;;;;;;;;;;;;;;;;;;;;;;;;;;;;;;;;;;;;;;;;;;;;;;;;;;;;;;;;;;;;;;;;;;;;;;;;;;;;;;;;;;;;;;;;;;;;;;;;;;;;;;;;;;;;;;;;;;;;;;;;;;;;;;;;;;;;;;;;;;;;;;;;;;;;;;
;;;;;;;;;;;;Discrete;+;+;+;+;+;+;+;+;+;+;+;+;+;+;+;;;;;;;;;;;;;;;;;;;;;;;;;;;;;;;;;;;;;;;;;;;;;;;;;;;;;;;;;;;;;;;;;;;;;;;;;;;Range of section thickness [mm];no inf;#VALEUR!;no inf;0.5;50.25;100;not inf;#VALEUR!;not inf;not inf;#VALEUR!;not inf;0.8;50.4;100;0.8;50.4;100;1.2;50.6;100;0.5;50.25;100;;;;;;;;;;;;;;;;;;;;;;;;;;;;;;;;;;;;;;;;;;;;;;;;;;;;;;;;;;;;;;;;;;;;;;;;;;;;;;;;;;;;;;;;;;;;;;;;;;;;;;;;;;;;;;;;;;;;;;;;;;;;;;;;;;;;;;;;;;;;;;;;;;;;;;;;;;;;;;;;;;;;;;;;;;
;;;;;;;;;;;;Continious;-;-;-;-;-;-;-;-;-;-;-;-;-;-;-;;;;;;;;;;;;;;;;;;;;;;;;;;;;;;;;;;;;;;;;;;;;;;;;;;;;;;;;;;;;;;;;;;;;;;;;;;;Tolerance [mm];no inf;#VALEUR!;no inf;;0;;not inf;#VALEUR!;not inf;not inf;#VALEUR!;not inf;0.2;0.5;0.8;0.2;0.5;0.8;0.3;1.15;2;0.1;1.05;2;;;;;;;;;;;;;;;;;;;;;;;;;;;;;;;;;;;;;;;;;;;;;;;;;;;;;;;;;;;;;;;;;;;;;;;;;;;;;;;;;;;;;;;;;;;;;;;;;;;;;;;;;;;;;;;;;;;;;;;;;;;;;;;;;;;;;;;;;;;;;;;;;;;;;;;;;;;;;;;;;;;;;;;;;;
;;;;;;;;;;;;Economic batch size (units);1.0-10;1.0-10;1.0-10;1.0-10;1.0-10;1.0-10;1-100;1.0-10;1.0-100;1.0-10;1.0-10;1.0-10;1-100;1.0-10;not inf;;;;;;;;;;;;;;;;;;;;;;;;;;;;;;;;;;;;;;;;;;;;;;;;;;;;;;;;;;;;;;;;;;;;;;;;;;;Roughness [µm];no inf;#VALEUR!;no inf;;0;;not inf;#VALEUR!;not inf;not inf;#VALEUR!;not inf;8;66.5;125;100;112.5;125;75;87.5;100;100;112.5;125;;;;;;;;;;;;;;;;;;;;;;;;;;;;;;;;;;;;;;;;;;;;;;;;;;;;;;;;;;;;;;;;;;;;;;;;;;;;;;;;;;;;;;;;;;;;;;;;;;;;;;;;;;;;;;;;;;;;;;;;;;;;;;;;;;;;;;;;;;;;;;;;;;;;;;;;;;;;;;;;;;;;;;;;;;
;;;;;;;;;;;;Relative cost index (per unit) [EUR];1800-2410;14.1-4010;147-1080;37-4080;103-3790;164-1920;12.1-1540;1660-4070;7.33-171;147-677;34.7-145;38.8-1710;not inf;21-3360;24.3-3800;;;;;;;;;;;;;;;;;;;;;;;;;;;;;;;;;;;;;;;;;;;;;;;;;;;;;;;;;;;;;;;;;;;;;;;;;;;Economic batch size (units);1;5.5;10;1;5.5;10;1;5.5;10;1;5.5;10;1;5.5;10;1;50.5;100;1;5.5;10;not inf;#VALEUR!;not inf;;;;;;;;;;;;;;;;;;;;;;;;;;;;;;;;;;;;;;;;;;;;;;;;;;;;;;;;;;;;;;;;;;;;;;;;;;;;;;;;;;;;;;;;;;;;;;;;;;;;;;;;;;;;;;;;;;;;;;;;;;;;;;;;;;;;;;;;;;;;;;;;;;;;;;;;;;;;;;;;;;;;;;;;;;
;;;;;;;;;;;;Capital cost [EUR];161000-321000;426000-682000;80300-341000;511000-682000;341000-469000;153000-724000;153000-724000;482000-643000;85200-1280000;48200-112000;852-341000;96400-177000;511000-1110000;1700-213000;1700-886000;;;;;;;;;;;;;;;;;;;;;;;;;;;;;;;;;;;;;;;;;;;;;;;;;;;;;;;;;;;;;;;;;;;;;;;;;;;Relative cost index (per unit) [EUR];14.1;2012.05;4010;147;613.5;1080;37;2058.5;4080;103;1946.5;3790;164;1042;1920;12.1;776.05;1540;34.7;89.85;145;24.3;1912.15;3800;;;;;;;;;;;;;;;;;;;;;;;;;;;;;;;;;;;;;;;;;;;;;;;;;;;;;;;;;;;;;;;;;;;;;;;;;;;;;;;;;;;;;;;;;;;;;;;;;;;;;;;;;;;;;;;;;;;;;;;;;;;;;;;;;;;;;;;;;;;;;;;;;;;;;;;;;;;;;;;;;;;;;;;;;;
;;;;;;;;;;;;Material utilization fraction;0.9-0.98;0.8-1;0.9-0.98;0.45-0.55;0.75-0.85;0.5-0.7;0.5-0.7;0.5-0.7;0.95-1;0.4-0.6;0.9-0.98;0.5-0.7;0.7-0.8;0.65-0.75;0.5-0.7;;;;;;;;;;;;;;;;;;;;;;;;;;;;;;;;;;;;;;;;;;;;;;;;;;;;;;;;;;;;;;;;;;;;;;;;;;;Capital cost [EUR];426000;554000;682000;80300;197150;314000;511000;596500;682000;341000;405000;469000;153000;438500;724000;153000;438500;724000;852;171476;342100;1700;443850;886000;;;;;;;;;;;;;;;;;;;;;;;;;;;;;;;;;;;;;;;;;;;;;;;;;;;;;;;;;;;;;;;;;;;;;;;;;;;;;;;;;;;;;;;;;;;;;;;;;;;;;;;;;;;;;;;;;;;;;;;;;;;;;;;;;;;;;;;;;;;;;;;;;;;;;;;;;;;;;;;;;;;;;;;;;;
;;;;;;;;;;;;Production rate (units) /hr;0.06-0.08;0.04-25;0.13-1;0.04-7;0.04-1.6;0.08-1;0.1-400;0.04-0.1;1-500;0.2-1;1-5.0;0.08-5;0.04-40;0.04-12;0.04-12;;;;;;;;;;;;;;;;;;;;;;;;;;;;;;;;;;;;;;;;;;;;;;;;;;;;;;;;;;;;;;;;;;;;;;;;;;;Material utilization fraction;0.8;0.9;1;0.9;0.94;0.98;;0;;0.75;0.8;0.85;0.5;0.6;0.7;0.5;0.6;0.7;0.9;0.94;0.98;0.5;0.6;0.7;;;;;;;;;;;;;;;;;;;;;;;;;;;;;;;;;;;;;;;;;;;;;;;;;;;;;;;;;;;;;;;;;;;;;;;;;;;;;;;;;;;;;;;;;;;;;;;;;;;;;;;;;;;;;;;;;;;;;;;;;;;;;;;;;;;;;;;;;;;;;;;;;;;;;;;;;;;;;;;;;;;;;;;;;;
;;;;;;;;;;;;Tool life (units);1.0-10;100000-1000000;100000-1000000;100000-1000000;100000-1000000;100000-1000000;100000-1000000;1.0-2;100000-1000000;100000-1000000;100000-1000000;100000-1000000;not inf;100000-1000000;100000-1000000;;;;;;;;;;;;;;;;;;;;;;;;;;;;;;;;;;;;;;;;;;;;;;;;;;;;;;;;;;;;;;;;;;;;;;;;;;;Production rate (units) /hr;0.04;12.52;25;0.13;0.565;1;0.04;3.52;7;0.04;0.82;1.6;0.08;0.54;1;0.1;200.05;400;1;3;5;0.04;6.02;12;;;;;;;;;;;;;;;;;;;;;;;;;;;;;;;;;;;;;;;;;;;;;;;;;;;;;;;;;;;;;;;;;;;;;;;;;;;;;;;;;;;;;;;;;;;;;;;;;;;;;;;;;;;;;;;;;;;;;;;;;;;;;;;;;;;;;;;;;;;;;;;;;;;;;;;;;;;;;;;;;;;;;;;;;;
;;;;;;;;;;;;Tooling cost [EUR];32.1-80.3;0-0.0852;0-0.0852;0-0.0852;0-0.0852;0-0.0852;0-0.0852;32.1-80.3;0-0.0852;0-0.0852;0-0.0852;0-0.0852;not inf;0-0.0852;0-0.0852;;;;;;;;;;;;;;;;;;;;;;;;;;;;;;;;;;;;;;;;;;;;;;;;;;;;;;;;;;;;;;;;;;;;;;;;;;;Tool life (units);100000;550000;1000000;100000;550000;1000000;100000;550000;1000000;100000;550000;1000000;100000;550000;1000000;100000;550000;1000000;100000;550000;1000000;100000;550000;1000000;;;;;;;;;;;;;;;;;;;;;;;;;;;;;;;;;;;;;;;;;;;;;;;;;;;;;;;;;;;;;;;;;;;;;;;;;;;;;;;;;;;;;;;;;;;;;;;;;;;;;;;;;;;;;;;;;;;;;;;;;;;;;;;;;;;;;;;;;;;;;;;;;;;;;;;;;;;;;;;;;;;;;;;;;;
;;;;;;;;;;;;Labor intensity;not inf;not oinf;low;not inf;not inf;high;high;not inf;not inf;not inf;medium;high;not inf;not inf;not inf;;;;;;;;;;;;;;;;;;;;;;;;;;;;;;;;;;;;;;;;Deposition methods;;;Powder bed fusion;;;;;Printing methods;;;Sheet lamination;;Stereolithography;;;;;;;;;;;;;;;;;;;;;;Tooling cost [EUR];0;0.0426;0.0852;0;0.0426;0.0852;0;0.0426;0.0852;0;0.0426;0.0852;0;0.0426;0.0852;0;0.0426;0.0852;0;0.0426;0.0852;0;0.0426;0.0852;;;;;;;;;;;;;;;;;;;;;;;;;;;;;;;;;;;;;;;;;;;;;;;;;;;;;;;;;;;;;;;;;;;;;;;;;;;;;;;;;;;;;;;;;;;;;;;;;;;;;;;;;;;;;;;;;;;;;;;;;;;;;;;;;;;;;;;;;;;;;;;;;;;;;;;;;;;;;;;;;;;;;;;;;;
;NAME;;Composition;;;;;;;;;;;;;;;;;;;;;;;;;Primary production energy. CO2 and water;;;;;;;;;;Recycling and end of life;;;;;;;Processing energy. CO2 footprint&water;;;;;;;;Price;;;;Physical properties;;;;;;;;;;;Laser powder forming (LENS);;;Material extrusion (FDM);;;Electron beam melting (EBM);;;Selective laser melting;;;Selective laser sintering. metals and ceramics (DMLS);;;Selective laser sintering. polymers (SLS);;;Material jetting (polyjet);;;Stereolithography (SLA);;;;;;;;;;;;;;;Laser powder forming (LENS);;;Material extrusion (FDM);;;Electron beam melting (EBM);;;Selective laser melting;;;Selective laser sintering. metals and ceramics (DMLS);;;Selective laser sintering. polymers (SLS);;;Material jetting (polyjet);;;Stereolithography (SLA);;;;;;;;;;;;;Percent of gaz station;Percent of charbon station;Percent of nuclear station;Percent of alternative energy;Percent of hydrostation;;;;;;;;;;;;Laser powder forming (LENS);;;Material extrusion (FDM);;;Electron beam melting (EBM);;;Selective laser melting;;;Selective laser sintering. metals and ceramics (DMLS);;;Selective laser sintering. polymers (SLS);;;Material jetting (polyjet);;;Stereolithography (SLA);;;;;;;;;;;;;;;;;;;;;;;;;;;;;;;;;;;;;;;;;;;;;;;;;;;;;;;;;;;;;;;;;;;;;;;;;;;;;;;;;;;;;;;;;;;;;;;;;;;;;;;;;;;;;;;;;;;;;;;;;
;;;;;;;;;;;;;;;;;;;;;;;;;;;;Embodied energy. primary production (virgin grade) [MJ/kg];;Embodied energy. primary production (typical grade) [MJ/kg];;CO2 footprint. primary production (virgin grade) kg/kg;;CO2 footprint. primary production (typical grade) kg/kg;;Water usage [L/kg];;Recycle ;Emdodied energy. recycling MJ/kg;;CO2 footprint. recycling kg/kg;;Recycle fraction in current supply %;;Energy of material production;;Downcycle;Combust for energy recovery;Heat of combustion (net) MJ/kg;;;Combustion CO2 kg/kg;Landfill;Biodegrade;Price EUR/kg;;Price per unit volume EUR/m^3;;Density kg/m^3;;Young's modulus Gpa;;Young's modulus Gpa above temperature;;;;min;moyen;max;min;moyen;max;min;moyen;max;min;moyen;max;min;moyen;max;min;moyen;max;min;moyen;max;min;moyen;max;;;;;;;;;;;;;min;moyen;max;min;moyen;max;min;moyen;max;min;moyen;max;min;moyen;max;min;moyen;max;min;moyen;max;min;moyen;max;;;;;;;;;;;Contry;;;;;;;;;;;;;;;;min;moyen;max;min;moyen;max;min;moyen;max;min;moyen;max;min;moyen;max;min;moyen;max;min;moyen;max;min;moyen;max;;;;;;;;;;;;;;;;;;;;;;;;;;;;;;;;;;;;;;;;;;;;;;;;;;;;;;;;;;;;;;;;;;;;;;;;;;;;;;;;;;;;;;;;;;;;;;;;;;;;;;;;;;;;;;;;;;;;;;;;
;UNS number;US name;Co;Cr;Fe;V;Mo;Ni;Cu;Mn;Si;;;;;;;;;;;;;;;;;MIN;MAX;MIN;MAX;MIN;MAX;MIN;MAX;MIN;MAX;;MIN;MAX;MIN;MAX;MIN;MAX;MIN;MAX;;;;;;;;;MIN;MAX;MIN;MAX;MIN;MAX;MIN;MAX;MIN;MAX;;Materials;Energie totale de procédé et de matériaux (MJ/kg);;;;;;;;;;;;;;;;;;;;;;;;;;;;;;;;;;;Materials;Le cout (EUR);;;;;;;;;;;;;;;;;;;;;;;;;;;;;;;;;;France;;;;;;;;;;;;;;;Materials;CO2 kg;;;;;;;;;;;;;;;;;;;;;;;;;;;;;;;;;;;;;;;;;;;;;;;;;;;;;;;;;;;;;;;;;;;;;;;;;;;;;;;;;;;;;;;;;;;;;;;;;;;;;;;;;;;;;;;;;;;;;;;;;;;;;;;;;;;;;;;;;;;;;;;
Cobalt. commercial purity > 99.3%CO. annealed. soft;;;;;;;;;;;;;;+;;;;;;;;;;;;;;2020;2220;1410;1620;41.2;45.4;29.2;33.5;553;612;+;195;215;15.3;16.9;27.6;30.5;1516.3;1608.475;+;-;not inf;;;not inf;+;-;28;38.4;247000;341000;8800;8900;199;215;;;;Cobalt. commercial purity > 99.3%CO. annealed. soft;1638.7;1688.3875;1738.075;;;;;;;;;;;;;;;;;;;;;;;Technology;;Matériaux;Energie consommée Moyenne (kWh/kg);;;Energie consommée Moyenne (MJ/kg);;;;Cobalt. commercial purity > 99.3%CO. annealed. soft;;;;;;;;;;;;;;;;;;;;;;;;;;;;;;;;;;;Chine;;;;;;;;;;;;;;;Cobalt. commercial purity > 99.3%CO. annealed. soft;;;;;;;;;;;;;;;;;;;;;;;;;;;;;;;;;;;;;;;;;;;;;;;;;;;;;;;;;;;;;;;;;;;;;;;;;;;;;;;;;;;;;;;;;;;;;;;;;;;;Physical properties;;;;;;;;;;;;;;;;;;;;;;;;;;;;;;;;;;;;;;;;;;;;
Cobalt. commercial purity > 99.3%CO. annealed. hard;;;;;;;;;;;;;;+;;;;;;;;;;;;;;2020;2220;1410;1620;41.2;45.4;29.2;33.5;553;612;+;195;215;15.3;16.9;27.6;30.5;1516.3;1608.475;+;-;not inf;;;not inf;+;-;28;38.4;247000;341000;8800;8900;199;215;;;;Cobalt. commercial purity > 99.3%CO. annealed. hard;1638.7;1688.3875;1738.075;;;;;;;;;;;;;;;;;;;;;;;;;;min;moyenne;max;min;moyenne;max;;Cobalt. commercial purity > 99.3%CO. annealed. hard;;;;;;;;;;;;;;;;;;;;;;;;;;;;;;;;;;;Russia;;;;;;;;;;;;;;;Cobalt. commercial purity > 99.3%CO. annealed. hard;;;;;;;;;;;;;;;;;;;;;;;;;;;;;;;;;;;;;;;;;;;;;;;;;;;;;;;;;;;;;;;;;;;;;;;;;;;;;;;;;;;;;;;;;Casting CO2 kg/kg;Casting water l/kg;Roll forming. forging energy [MJ/kg];Roll forming. forging CO2 [kg/kg];Roll forming. forging water [L/kg];Extrusion. foil rolling energy;Extrusion. foil rolling CO2;Extrusion. foil rolling water;Polymer molding energy;Polymer molding CO2;Polymer molding water;Wire drawing energy;Wire drawing CO2;Wire drawing water;Metal powder forming energy;Metal powder forming CO2;Metal powder forming water;Vaporization energy ;Vaporization CO2;Vaporization water;Coarse machining energy (per unit wt removed);Coarse machining CO2 (per unit wt removed);Fince machining energy (per unit wt removed);Fince machining CO2 (per unit wt removed);Grinding energy (per unit wt removed);Grinding CO2 (per unit wt removed);Non-conventional machining energy (par unit wt removed);Non-conventional machining CO2 (par unit wt removed);Specific stiffness MN.m/kg;Yield strength (elastic limit) Mpa;Tensile strength Mpa;Specific strength kN.m/kg;Elongation % strength;Tangent modulus Mpa;Compressive strength MPa;Flexural modulus Gpa;Flexural strength (modulus of rupture) Mpa;Shear modulus GPa;Bulk modulus Gpa;Poisson's ratio;Shape factor;Hardness-Vickers HV;Hardness - Rockwell B HRB;Hardness - Rockwell C HRC;Hardness - Brinell HB;Elastic stored energy (springs) [kJ/m^3];Fatique strength at 10^7 cycles;Fatique strength model (stress amplitude);;;;;;;;
Cobalt-based-superalloy. CMM. cast. ISO 5832-4;;;;;;;;;;;;;;+;;;;;;;;;;;;;;1460;1610;1030;1180;33.7;37.1;24.4;27.8;506;558;+;152;168;12;13.2;27.6;30.5;1098.992;1170.19;+;-;not inf;;;not inf;+;-;21.7;29.8;179000;250000;8250;8370;210;220;;;;Cobalt-based-superalloy. CMM. cast. ISO 5832-4;1221.392;1260.591;1299.79;;;;;;;;;;;;;;;;;;;;;;;Metaux;SLM;acier inoxydable;24;30;36;86.4;108;129.6;;Cobalt-based-superalloy. CMM. cast. ISO 5832-4;;;;;;;;;;;;;;;;;;;;;;;;;;;;;;;;;;;USA;;;;;;;;;;;;;;;Cobalt-based-superalloy. CMM. cast. ISO 5832-4;;;;;;;;;;;;;;;;;;;;;;;;;;;;;;;;;;;;;;;;;;;;;;;;;;;;;;;;;;;;;;;;;;;;;;;;;;;;;;;;;;;;;;;;;;;;;;;;;;;;;;;;;;;;;;;;;;;;;;;;;;;;;;;;;;;;;;;;;;;;;;;;
Cobalt-based-superalloy. MAR-M 302. cast;;;;;;;;;;;;;;+;;;;;;;;;;;;;;1680;1850;1190;1360;56;61.8;40.8;46.6;486;537;+;169;187;13.3;14.7;27.6;30.5;1262.964;1342.785;+;-;not inf;;;not inf;+;-;44.7;65.6;409000;607000;9150;9250;210;235;;;;Cobalt-based-superalloy. MAR-M 302. cast;1385.364;1428.8745;1472.385;;;;;;;;;;;;;;;;;;;;;;;;;aluminium;98;130;162;352.8;468;583.2;;Cobalt-based-superalloy. MAR-M 302. cast;;;;;;;;;;;;;;;;;;;;;;;;;;;;;;;;;;;Germany;;;;;;;;;;;;;;;Cobalt-based-superalloy. MAR-M 302. cast;;;;;;;;;;;;;;;;;;;;;;;;;;;;;;;;;;;;;;;;;;;;;;;;;;;;;;;;;;;;;;;;;;;;;;;;;;;;;;;;;;;;;;;;;;;;;;;;not inf;not inf;not inf;4.42-4.89;0.332-0.367;3.44-5.16;8.56-9.47;0.642-0.71;5.21-7.82;not inf;not inf;not inf;31.3-34.6;2.35-2.6;11.8-17.7;not inf;not inf;not inf;not inf;not inf;not inf;1.1-1.21;0.0822-0.0908;6.68-7.39;0.501-0.554;12.9-14.3;0.967-1.07;175-193;13.1-14.5;24.5-27;310-1140;552-1140;39-143;6.0-15;2230;500-540;195-215;500-540;not inf;not inf;0.3-0.31;23;317-351;not inf;34;301-333;304-2440;not inf;not inf
Cobalt-based-superalloy. MAR-M 509. cast;;;;;;;;;;;;;;+;;;;;;;;;;;;;;1420;1570;1010;1150;41.3;45.5;30.1;34.3;464;513;+;149;165;11.7;13;27.6;30.5;1069.204;1141.475;+;-;not inf;;;not inf;+;-;30.4;43.1;268000;384000;8800;8900;220;230;;;;Cobalt-based-superalloy. MAR-M 509. cast;1191.604;1231.3395;1271.075;;;;;;;;;;;;;;;;;;;;;;;;;alliage de magnésium;26;26;26;93.6;93.6;93.6;;Cobalt-based-superalloy. MAR-M 509. cast;;;;;;;;;;;;;;;;;;;;;;;;;;;;;;;;;;;;;;;;;;;;;;;;;;Cobalt-based-superalloy. MAR-M 509. cast;;;;;;;;;;;;;;;;;;;;;;;;;;;;;;;;;;;;;;;;;;;;;;;;;;;;;;;;;;;;;;;;;;;;;;;;;;;;;;;;;;;;;;;;;;;;;;;;not inf;not inf;not inf;4.34-4.79;0.325-0.36;3.41-5.11;8.39-9.27;0.629-0.696;5.14-7.71;not inf;not inf;not inf;30.7-33.9;2.3-2.54;11.6-17.3;not inf;not inf;not inf;not inf;not inf;not inf;1.08-1.2;0.0812-0.0898;6.55-7.24;0.492-0.543;12.6-14;0.948-1.05;171-189;12.8-14.2;24-26.5;365-1300;696-1340;45-160;1.0-8;4580;500-540;195-215;500-540;not inf;not inf;0.3-0.31;22;354-392;not inf;38;336-372;417-3190;not inf;not inf
Cobalt-based-superalloy. UMCo-50. cast;;;;;;;;;;;;;;+;;;;;;;;;;;;;;1030;1130;725;831;22.1;24.3;16.2;18.5;415;459;+;116;129;9.16;10.1;27.6;30.5;777.736;824.695;+;-;not inf;;;not inf;+;-;14.8;20.1;118000;163000;8000;8100;210;220;;;;Cobalt-based-superalloy. UMCo-50. cast;900.136;927.2155;954.295;;;;;;;;;;;;;;;;;;;;;;;;DMLS;acier inoxydable;27;44;61;97.2;158.4;219.6;;Cobalt-based-superalloy. UMCo-50. cast;;;;;;;;;;;;;;;;;;;;;;;;;;;;;;;;;;;;;;;;;;;;;;;;;;Cobalt-based-superalloy. UMCo-50. cast;;;;;;;;;;;;;;;;;;;;;;;;;;;;;;;;;;;;;;;;;;;;;;;;;;;;;;;;;;;;;;;;;;;;;;;;;;;;;;;;;;;;;;;;;;;;;;;;not inf;not inf;not inf;4.34-4.79;0.325-0.36;3.41-5.11;8.39-9.27;0.629-0.696;5.14-7.71;not inf;not inf;not inf;30.7-33.9;2.3-2.54;11.6-17.3;not inf;not inf;not inf;not inf;not inf;not inf;1.08-1.2;0.0812-0.0898;6.55-7.24;0.492-0.543;12.6-14;0.948-1.05;171-189;12.8-14.2;24-26.5;365-1300;696-1340;45-160;1.0-8;not inf;500-540;195-215;500-540;not inf;not inf;not inf;22;354-392;not inf;38;336-372;417-3190;not inf;not inf
Cobalt-based-superalloy. WI-52. cast;;;;;;;;;;;;;;+;;;;;;;;;;;;;;1460;1610;1030;1180;36.6;40.3;26.5;30.3;466;515;+;153;169;12;13.3;27.6;30.5;1099.268;1170.495;+;-;not inf;;;not inf;+;-;24.4;33.9;207000;295000;8500;8700;210;235;;;;Cobalt-based-superalloy. WI-52. cast;1221.668;1260.8815;1300.095;;;;;;;;;;;;;;;;;;;;;;;;LENS;alliage de cobalt;34;35;36;122.4;126;129.6;;Cobalt-based-superalloy. WI-52. cast;;;;;;;;;;;;;;;;;;;;;;;;;;;;;;;;;;;;;;;;;;;;;;;;;;Cobalt-based-superalloy. WI-52. cast;;;;;;;;;;;;;;;;;;;;;;;;;;;;;;;;;;;;;;;;;;;;;;;;;;;;;;;;;;;;;;;;;;;;;;;;;;;;;;;;;;;;;;;;;;;;;;;;10.9-12;0.817-0.903;20.6-30.9;3.46-3.83;0.26-0.287;3.03-4.55;6.64-7.34;0.498-0.55;4.39-6.58;not inf;not inf;not inf;24.1-26.6;1.81-2;9.09-13.6;37.2-41.2;2.98-3.29;40.6-60.9;11400-12600;852-941;4730-7100;0.952-1.05;0.0714-0.0789;5.24-5.79;0.393-0.434;10-11.1;0.75-0.829;114-126;8.52-9.41;24.1-29;125-150;440-530;15.1-18.1;20-40;not inf;150-180;200-240;150-180;75-95;165-225;0.3-0.32;28;120-140;48-58;not inf;110-130;35.3-51.9;175-610;172-619
Cobalt-based-superalloy. X-40. cast;;;;;;;;;;;;;;+;;;;;;;;;;;;;;1280;1410;902;1030;32;35.2;23.2;26.5;435;480;+;138;152;10.8;12;27.6;30.5;964.808;1026.31;+;-;not inf;;;not inf;+;-;21.7;29.8;185000;259000;8500;8700;220;230;;;;Cobalt-based-superalloy. X-40. cast;1087.208;1121.559;1155.91;;;;;;;;;;;;;;;;;;;;;;;;;alliage de fer;67;67;67;241.2;241.2;241.2;;Cobalt-based-superalloy. X-40. cast;;;;;;;;;;;;;;;;;;;;;;;;;;;;;;;;;;;;;;;;;;;;;;;;;;Cobalt-based-superalloy. X-40. cast;;;;;;;;;;;;;;;;;;;;;;;;;;;;;;;;;;;;;;;;;;;;;;;;;;;;;;;;;;;;;;;;;;;;;;;;;;;;;;;;;;;;;;;;;;;;;;;;10.9-12;0.815-0.901;20.6-30.9;6.39-7.06;0.479-0.53;4.28-6.43;12.5-13.8;0.937-1.04;6.89-10.3;not inf;not inf;not inf;46.1-50.9;3.46-3.82;17.4-26.1;37-40.9;2.96-3.27;40.3-60.5;11400-12600;852-941;4730-7100;1.39-1.54;0.0723-0.0799;9.63-10.6;0.723-0.799;18.1-20.8;1.41-1.56;114-126;8.52-9.41;24.4-25.7;710-875;710-915;86.8-107;2.0-6;1420;710-875;200-210;710-875;75-85;165-185;0.3-0.31;20;220-270;95-103;16-26;208-256;1240-1850;295-460;276-492
INCONEL 600 annealed;;;;;;;;;;;;;;+;;;;;;;;;;;;;;223;246;130;153;14.5;16;8.7;10.2;244;270;+;36.6;40.4;2.87;3.18;44.7;49.4;139.6792;144.4336;+;-;not inf;;;not inf;-;-;16.5;20.2;138000;170000;8370;8460;207;218;214;214;;INCONEL 600 annealed;262.0792;300.4564;302.8336;;;;;;;;;;;;;;;;;;;;;;;;;alliage de nickel;44;44;44;158.4;158.4;158.4;;INCONEL 600 annealed;;;;;;;;;;;;;;;;;;;;;;;;;;;;;;;;;;;;;;;;;;;;;;;;;;INCONEL 600 annealed;;;;;;;;;;;;;;;;;;;;;;;;;;;;;;;;;;;;;;;;;;;;;;;;;;;;;;;;;;;;;;;;;;;;;;;;;;;;;;;;;;;;;;;;;;;;;;;;10.9-12;0.815-0.901;20.6-30.9;6.39-7.06;0.479-0.53;4.28-6.43;12.5-13.8;0.937-1.04;6.89-10.3;not inf;not inf;not inf;46.1-50.9;3.46-3.82;17.4-26.1;37-40.9;2.96-3.27;40.3-60.5;11400-12600;852-941;4730-7100;1.39-1.54;0.0723-0.0799;9.63-10.6;0.723-0.799;18.1-20.8;1.41-1.56;114-126;8.52-9.41;24.4-25.7;165-245;440-545;20.2-30;30-45;not inf;195-245;200-210;195-245;75-85;165-185;0.3-0.31;30;93-140;48;0;76-140;68.6-142;175-275;163-296
INCONEL 600 cold drawn;;;;;;;;;;;;;;+;;;;;;;;;;;;;;223;246;130;153;14.5;16;8.7;10.2;244;270;+;36.6;40.4;2.87;3.18;44.7;49.4;139.6792;144.4336;+;-;not inf;;;not inf;-;-;16.5;20.2;138000;170000;8370;8460;207;218;205;215;;INCONEL 600 cold drawn;262.0792;300.4564;302.8336;;;;;;;;;;;;;;;;;;;;;;;;EBM;alliage de titane;8;27;46;28.8;97.2;165.6;;INCONEL 600 cold drawn;;;;;;;;;;;;;;;;;;;;;;;;;;;;;;;;;;;;;;;;;;;;;;;;;;INCONEL 600 cold drawn;;;;;;;;;;;;;;;;;;;;;;;;;;;;;;;;;;;;;;;;;;;;;;;;;;;;;;;;;;;;;;;;;;;;;;;;;;;;;;;;;;;;;;;;;;;;;;;;10.9-12;0.816-0.901;20.6-30.9;6.04-6.68;0.453-0.501;4.14-6.2;11.8-13;0.885-0.978;6.6-9.9;not inf;not inf;not inf;43.5-48.1;3.26-3.6;16.4-24.6;37-40.9;2.96-3.27;40.3-60.5;11400-12600;852-941;4730-7100;1.34-1.48;0.1-0.111;9.11-10.1;0.684-0.756;17.8-19.6;1.33-1.47;114-126;8.52-9.41;24.2-25.5;670-840;740-915;81.2-102;5.0-10;not inf;670-840;200-210;670-840;75-85;165-185;0.3-0.31;21;180-230;87-96;6.0-18;172-214;1110-1700;295-460;276-492
INCONEL 600 cold worked;;;;;;;;;;;;;;+;;;;;;;;;;;;;;223;246;130;153;14.5;16;8.7;10.2;244;270;+;36.6;40.4;2.87;3.18;44.7;49.4;139.6792;144.4336;+;-;not inf;;;not inf;-;-;16.5;20.2;138000;170000;8370;8460;207;218;205;215;;INCONEL 600 cold worked;262.0792;300.4564;302.8336;;;;;;;;;;;;;;;;;;;;;;;Polymères;FDM;ABS;65;174;283;234;626.4;1018.8;;INCONEL 600 cold worked;;;;;;;;;;;;;;;;;;;;;;;;;;;;;;;;;;;;;;;;;;;;;;;;;;INCONEL 600 cold worked;;;;;;;;;;;;;;;;;;;;;;;;;;;;;;;;;;;;;;;;;;;;;;;;;;;;;;;;;;;;;;;;;;;;;;;;;;;;;;;;;;;;;;;;;;;;;;;;;;;;;;;;;;;;;;;;;;;;;;;;;;;;;;;;;;;;;;;;;;;;;;;;
INCONEL 600 hard;;;;;;;;;;;;;;+;;;;;;;;;;;;;;223;246;130;153;14.5;16;8.7;10.2;244;270;+;36.6;40.4;2.87;3.18;44.7;49.4;139.6792;144.4336;+;-;not inf;;;not inf;-;-;16.5;20.2;137000;171000;8350;8500;195;220;;;;INCONEL 600 hard;262.0792;300.4564;302.8336;;;;;;;;;;;;;;;;;;;;;;;;;PLA;99;99;99;356.4;356.4;356.4;;INCONEL 600 hard;;;;;;;;;;;;;;;;;;;;;;;;;;;;;;;;;;;;;;;;;;;;;;;;;;INCONEL 600 hard;;;;;;;;;;;;;;;;;;;;;;;;;;;;;;;;;;;;;;;;;;;;;;;;;;;;;;;;;;;;;;;;;;;;;;;;;;;;;;;;;;;;;;;;;;;;;;;;;;;;;;;;;;;;;;;;;;;;;;;;;;;;;;;;;;;;;;;;;;;;;;;;
INCONEL 600 hot worked;;;;;;;;;;;;;;+;;;;;;;;;;;;;;223;246;130;153;14.5;16;8.7;10.2;244;270;+;36.6;40.4;2.87;3.18;44.7;49.4;139.6792;144.4336;+;-;not inf;;;not inf;-;-;16.5;20.2;138000;170000;8370;8460;207;218;205;215;;INCONEL 600 hot worked;262.0792;300.4564;302.8336;;;;;;;;;;;;;;;;;;;;;;;;;PC;149;149;149;536.4;536.4;536.4;;INCONEL 600 hot worked;;;;;;;;;;;;;;;;;;;;;;;;;;;;;;;;;;;;;;;;;;;;;;;;;;INCONEL 600 hot worked;;;;;;;;;;;;;;;;;;;;;;;;;;;;;;;;;;;;;;;;;;;;;;;;;;;;;;;;;;;;;;;;;;;;;;;;;;;;;;;;;;;;;;;;;;;;;;;;;;;;;;;;;;;;;;;;;;;;;;;;;;;;;;;;;;;;;;;;;;;;;;;;
INCONEL 600 spring temper ;;;;;;;;;;;;;;+;;;;;;;;;;;;;;223;246;130;153;14.5;16;8.7;10.2;244;270;+;36.6;40.4;2.87;3.18;44.7;49.4;139.6792;144.4336;+;-;not inf;;;not inf;-;-;16.5;20.2;137000;171000;8350;8500;195;220;;;;INCONEL 600 spring temper ;262.0792;300.4564;302.8336;;;;;;;;;;;;;;;;;;;;;;;;SLS;PA (nylon);20;38;56;72;136.8;201.6;;INCONEL 600 spring temper ;;;;;;;;;;;;;;;;;;;;;;;;;;;;;;;;;;;;;;;;;;;;;;;;;;INCONEL 600 spring temper ;;;;;;;;;;;;;;;;;;;;;;;;;;;;;;;;;;;;;;;;;;;;;;;;;;;;;;;;;;;;;;;;;;;;;;;;;;;;;;;;;;;;;;;;;;;;;;;;;;;;;;;;;;;;;;;;;;;;;;;;;;;;;;;;;;;;;;;;;;;;;;;;
INCONEL 600 wire (spring);;;;;;;;;;;;;;+;;;;;;;;;;;;;;223;246;130;153;14.5;16;8.7;10.2;244;270;+;36.6;40.4;2.87;3.18;44.7;49.4;139.6792;144.4336;+;-;not inf;;;not inf;-;-;16.5;20.2;137000;171000;8350;8500;195;220;;;;INCONEL 600 wire (spring);262.0792;300.4564;302.8336;;;;;;;;;;;;;;;;;;;;;;;;SLA;résine époxy;22;32;42;79.2;115.2;151.2;;INCONEL 600 wire (spring);;;;;;;;;;;;;;;;;;;;;;;;;;;;;;;;;;;;;;;;;;;;;;;;;;INCONEL 600 wire (spring);;;;;;;;;;;;;;;;;;;;;;;;;;;;;;;;;;;;;;;;;;;;;;;;;;;;;;;;;;;;;;;;;;;;;;;;;;;;;;;;;;;;;;;;;;;;;;;;;;;;;;;;;;;;;;;;;;;;;;;;;;;;;;;;;;;;;;;;;;;;;;;;
INCONEL 601 annealed;;;;;;;;;;;;;;+;;;;;;;;;;;;;;233;257;136;161;14.2;15.7;8.63;10.1;264;292;+;37.8;41.7;3;3.28;44.7;49.4;145.7456;150.6418;+;-;not inf;;;not inf;-;-;14.7;17.8;117000;145000;7950;8150;200;215;;;;INCONEL 601 annealed;268.1456;306.5937;309.0418;;;;;;;;;;;;;;;;;;;;;;;;Polyjet;VeroClear (PMMA);22;22;22;79.2;79.2;79.2;;INCONEL 601 annealed;;;;;;;;;;;;;;;;;;;;;;;;;;;;;;;;;;;;;;;;;;;;;;;;;;INCONEL 601 annealed;;;;;;;;;;;;;;;;;;;;;;;;;;;;;;;;;;;;;;;;;;;;;;;;;;;;;;;;;;;;;;;;;;;;;;;;;;;;;;;;;;;;;;;;;;;;;;;;;;;;;;;;;;;;;;;;;;;;;;;;;;;;;;;;;;;;;;;;;;;;;;;;
INCONEL 617 annealed;;;;;;;;;;;;;;+;;;;;;;;;;;;;;474;523;259;308;19.1;21;11.1;13.1;334;369;+;64.8;71.6;5.09;5.63;44.7;49.4;291.0876;300.0084;+;-;not inf;;;not inf;-;-;20.7;28.2;170000;239000;8250;8450;205;215;201;201;;INCONEL 617 annealed;413.4876;453.948;458.4084;;;;;;;;;;;;;;;;;;;;;;;;Multi Jet fusion;PA (nylon);12;12;12;43.2;43.2;43.2;;INCONEL 617 annealed;;;;;;;;;;;;;;;;;;;;;;;;;;;;;;;;;;;;;;;;;;;;;;;;;;INCONEL 617 annealed;;;;;;;;;;;;;;;;;;;;;;;;;;;;;;;;;;;;;;;;;;;;;;;;;;;;;;;;;;;;;;;;;;;;;;;;;;;;;;;;;;;;;;;;;;;;;;;;;;;;;;;;;;;;;;;;;;;;;;;;;;;;;;;;;;;;;;;;;;;;;;;;
INCONEL 625 annealed;;;;;;;;;;;;;;+;;;;;;;;;;;;;;301;332;183;214;19.4;21.4;12.2;14.2;279;308;+;45.9;50.7;3.61;4;44.7;49.4;186.9703;193.0378;+;-;not inf;;;not inf;-;-;27.1;33.4;228000;284000;8400;8480;205;216;205;205;;INCONEL 625 annealed;309.3703;348.40405;351.4378;;;;;;;;;;;;;;;;;;;;;;;;;;;;;;;;;INCONEL 625 annealed;;;;;;;;;;;;;;;;;;;;;;;;;;;;;;;;;;;;;;;;;;;;;;;;;;INCONEL 625 annealed;;;;;;;;;;;;;;;;;;;;;;;;;;;;;;;;;;;;;;;;;;;;;;;;;;;;;;;;;;;;;;;;;;;;;;;;;;;;;;;;;;;;;;;;;;;;;;;;;;;;;;;;;;;;;;;;;;;;;;;;;;;;;;;;;;;;;;;;;;;;;;;;
INCONEL 671 annealed;;;;;;;;;;;;;;+;;;;;;;;;;;;;;319;352;186;220;17.2;19;10.7;12.5;328;362;+;47.9;53;3.77;4.16;44.7;49.4;197.8183;204.294;+;-;not inf;;;not inf;-;-;15;18.1;120000;143000;7800;7920;215;45;;;;INCONEL 671 annealed;320.2183;359.45615;362.694;;;;;;;;;;;;;;;;;;;;;;;;;;;;;;;;;INCONEL 671 annealed;;;;;;;;;;;;;;;;;;;;;;;;;;;;;;;;;;;;;;;;;;;;;;;;;;INCONEL 671 annealed;;;;;;;;;;;;;;;;;;;;;;;;;;;;;;;;;;;;;;;;;;;;;;;;;;;;;;;;;;;;;;;;;;;;;;;;;;;;;;;;;;;;;;;;;;;;;;;;;;;;;;;;;;;;;;;;;;;;;;;;;;;;;;;;;;;;;;;;;;;;;;;;
INCONEL 686 annealed;;;;;;;;;;;;;;+;;;;;;;;;;;;;;253;279;147;174;16.5;18.2;9.89;11.6;282;312;+;40.2;44.4;3.16;3.49;44.7;49.4;157.8784;163.1076;+;-;not inf;;;not inf;-;-;20.5;30.1;179000;263000;8720;8730;202;212;;;;INCONEL 686 annealed;280.2784;318.893;321.5076;;;;;;;;;;;;;;;;;;;;;;;;;;;;;;;;;INCONEL 686 annealed;;;;;;;;;;;;;;;;;;;;;;;;;;;;;;;;;;;;;;;;;;;;;;;;;;INCONEL 686 annealed;;;;;;;;;;;;;;;;;;;;;;;;;;;;;;;;;;;;;;;;;;;;;;;;;;;;;;;;;;;;;;;;;;;;;;;;;;;;;;;;;;;;;;;;;;;;;;;;;;;;;;;;;;;;;;;;;;;;;;;;;;;;;;;;;;;;;;;;;;;;;;;;
INCONEL 706 annealed;;;;;;;;;;;;;;+;;;;;;;;;;;;;;158;175;98.4;115;11.5;12.7;7.24;8.43;192;212;+;28.1;31.1;2.21;2.45;44.7;49.4;99.9347;103.9134;+;-;not inf;;;not inf;-;-;10.5;13;83900;106000;8000;8150;205;215;;;;INCONEL 706 annealed;222.3347;260.32405;262.3134;;;;;;;;;;;;;;;;;;;;;;;;;;;;;;;;;INCONEL 706 annealed;;;;;;;;;;;;;;;;;;;;;;;;;;;;;;;;;;;;;;;;;;;;;;;;;;INCONEL 706 annealed;;;;;;;;;;;;;;;;;;;;;;;;;;;;;;;;;;;;;;;;;;;;;;;;;;;;;;;;;;;;;;;;;;;;;;;;;;;;;;;;;;;;;;;;;;;;;;;;;;;;;;;;;;;;;;;;;;;;;;;;;;;;;;;;;;;;;;;;;;;;;;;;
INCONEL 706 solution treated;;;;;;;;;;;;;;+;;;;;;;;;;;;;;158;175;98.4;115;11.5;12.7;7.24;8.43;192;212;+;28.1;31.1;2.21;2.45;44.7;49.4;99.9347;103.9134;+;-;not inf;;;not inf;-;-;10.5;13;84300;105000;8040;8120;210;221;209;220;;INCONEL 706 solution treated;222.3347;260.32405;262.3134;;;;;;;;;;;;;;;;;;;;;;;;;;;;;;;;;INCONEL 706 solution treated;;;;;;;;;;;;;;;;;;;;;;;;;;;;;;;;;;;;;;;;;;;;;;;;;;INCONEL 706 solution treated;;;;;;;;;;;;;;;;;;;;;;;;;;;;;;;;;;;;;;;;;;;;;;;;;;;;;;;;;;;;;;;;;;;;;;;;;;;;;;;;;;;;;;;;;;;;;;;;;;;;;;;;;;;;;;;;;;;;;;;;;;;;;;;;;;;;;;;;;;;;;;;;
INCONEL 718 solution treated;;;;;;;;;;;;;;+;;;;;;;;;;;;;;218;240;132;155;15.7;17.3;9.69;11.3;235;259;+;35.9;39.6;2.82;3.12;44.7;49.4;136.6013;141.0024;+;-;not inf;;;not inf;-;-;13.5;16.6;110000;137000;8180;8260;203;213;198;198;;INCONEL 718 solution treated;259.0013;297.20185;299.4024;;;;;;;;;;;;;;;;;;;;;;;;;;;;;;;;;INCONEL 718 solution treated;;;;;;;;;;;;;;;;;;;;;;;;;;;;;;;;;;;;;;;;;;;;;;;;;;INCONEL 718 solution treated;;;;;;;;;;;;;;;;;;;;;;;;;;;;;;;;;;;;;;;;;;;;;;;;;;;;;;;;;;;;;;;;;;;;;;;;;;;;;;;;;;;;;;;;;;;;;;;;;;;;;;;;;;;;;;;;;;;;;;;;;;;;;;;;;;;;;;;;;;;;;;;;
INCONEL 718 solution treated and aged;;;;;;;;;;;;;;+;;;;;;;;;;;;;;218;240;132;155;15.7;17.3;9.69;11.3;235;259;+;35.9;39.6;2.82;3.12;44.7;49.4;136.6013;141.0024;+;-;not inf;;;not inf;-;-;13.5;16.6;110000;137000;8180;8260;198;208;198;198;;INCONEL 718 solution treated and aged;259.0013;297.20185;299.4024;;;;;;;;;;;;;;;;;;;;;;;;;;;;;;;;;INCONEL 718 solution treated and aged;;;;;;;;;;;;;;;;;;;;;;;;;;;;;;;;;;;;;;;;;;;;;;;;;;INCONEL 718 solution treated and aged;;;;;;;;;;;;;;;;;;;;;;;;;;;;;;;;;;;;;;;;;;;;;;;;;;;;;;;;;;;;;;;;;;;;;;;;;;;;;;;;;;;;;;;;;;;;;;;;;;;;;;;;;;;;;;;;;;;;;;;;;;;;;;;;;;;;;;;;;;;;;;;;
INCONEL 754 annealed;;;;;;;;;;;;;;+;;;;;;;;;;;;;;253;279;147;174;15.9;17.5;9.52;11.2;268;296;+;40.2;44.5;3.16;3.5;44.7;49.4;157.8784;163.157;+;-;not inf;;;not inf;-;-;17.3;21.1;142000;177000;8220;8380;149;203;167;167;;INCONEL 754 annealed;280.2784;318.9177;321.557;;;;;;;;;;;;;;;;;;;;;;;;;;;;;;;;;INCONEL 754 annealed;;;;;;;;;;;;;;;;;;;;;;;;;;;;;;;;;;;;;;;;;;;;;;;;;;INCONEL 754 annealed;;;;;;;;;;;;;;;;;;;;;;;;;;;;;;;;;;;;;;;;;;;;;;;;;;;;;;;;;;;;;;;;;;;;;;;;;;;;;;;;;;;;;;;;;;;;;;;;;;;;;;;;;;;;;;;;;;;;;;;;;;;;;;;;;;;;;;;;;;;;;;;;
INCONEL X-750 annealed&aged;;;;;;;;;;;;;;+;;;;;;;;;;;;;;250;276;146;171;16.1;17.8;9.64;11.3;251;277;+;39.8;44;3.13;3.46;44.7;49.4;156.0406;161.392;+;-;not inf;;;not inf;-;-;16.5;20.4;136000;169000;8210;8290;211;222;210;221;;INCONEL X-750 annealed&aged;278.4406;317.1163;319.792;;;;;;;;;;;;;;;;;;;;;;;;;;;;;;;;;INCONEL X-750 annealed&aged;;;;;;;;;;;;;;;;;;;;;;;;;;;;;;;;;;;;;;;;;;;;;;;;;;INCONEL X-750 annealed&aged;;;;;;;;;;;;;;;;;;;;;;;;;;;;;;;;;;;;;;;;;;;;;;;;;;;;;;;;;;;;;;;;;;;;;;;;;;;;;;;;;;;;;;;;;;;;;;;;;;;;;;;;;;;;;;;;;;;;;;;;;;;;;;;;;;;;;;;;;;;;;;;;
INCONEL X-750 equalized&aged;;;;;;;;;;;;;;+;;;;;;;;;;;;;;250;276;146;171;16.1;17.8;9.64;11.3;251;277;+;39.8;44;3.13;3.46;44.7;49.4;156.0406;161.392;+;-;not inf;;;not inf;-;-;16.5;20.4;136000;169000;8210;8290;211;222;210;221;;INCONEL X-750 equalized&aged;278.4406;317.1163;319.792;;;;;;;;;;;;;;;;;;;;;;;;;;;;;;;;;INCONEL X-750 equalized&aged;;;;;;;;;;;;;;;;;;;;;;;;;;;;;;;;;;;;;;;;;;;;;;;;;;INCONEL X-750 equalized&aged;;;;;;;;;;;;;;;;;;;;;;;;;;;;;;;;;;;;;;;;;;;;;;;;;;;;;;;;;;;;;;;;;;;;;;;;;;;;;;;;;;;;;;;;;;;;;;;;;;;;;;;;;;;;;;;;;;;;;;;;;;;;;;;;;;;;;;;;;;;;;;;;
low alloy steel AISI 4130 annealed;;;;;;;;;;;;;;+;;;;;;;;;;;;;;28.9;31.8;17.5;20.5;2.16;2.38;1.33;1.55;47.9;53;+;7.72;8.53;0.607;0.671;49.4;54.6;18.43708;19.09458;+;-;not inf;;;not inf;+;-;0.677;0.895;5280;7070;7800;7900;201;216;212;212;;low alloy steel AISI 4130 annealed;140.83708;259.96583;260.29458;;;;;;;;;;;;;;;;;;;;;;;;;;;;;;;;;low alloy steel AISI 4130 annealed;;;;;;;;;;;;;;;;;;;;;;;;;;;;;;;;;;;;;;;;;;;;;;;;;;low alloy steel AISI 4130 annealed;;;;;;;;;;;;;;;;;;;;;;;;;;;;;;;;;;;;;;;;;;;;;;;;;;;;;;;;;;;;;;;;;;;;;;;;;;;;;;;;;;;;;;;;;;;;;;;;;;;;;;;;;;;;;;;;;;;;;;;;;;;;;;;;;;;;;;;;;;;;;;;;
low alloy steel AISI 4135 normalized;;;;;;;;;;;;;;+;;;;;;;;;;;;;;28.9;31.8;17.5;20.5;2.16;2.38;1.33;1.55;46.7;51.7;+;7.72;8.53;0.607;0.671;49.4;54.6;18.43708;19.09458;+;-;not inf;;;not inf;+;-;0.678;0.895;5280;7050;7790;7870;200;210;200;211;;low alloy steel AISI 4135 normalized;140.83708;259.96583;260.29458;;;;;;;;;;;;;;;;;;;;;;;;;;;;;;;;;low alloy steel AISI 4135 normalized;;;;;;;;;;;;;;;;;;;;;;;;;;;;;;;;;;;;;;;;;;;;;;;;;;low alloy steel AISI 4135 normalized;;;;;;;;;;;;;;;;;;;;;;;;;;;;;;;;;;;;;;;;;;;;;;;;;;;;;;;;;;;;;;;;;;;;;;;;;;;;;;;;;;;;;;;;;;;;;;;;;;;;;;;;;;;;;;;;;;;;;;;;;;;;;;;;;;;;;;;;;;;;;;;;
low alloy steel AISI 4135. air melted. quenched&tempered;;;;;;;;;;;;;;+;;;;;;;;;;;;;;28.9;31.8;17.5;20.5;2.16;2.38;1.33;1.55;46.7;51.7;+;7.72;8.53;0.607;0.671;49.4;54.6;18.43708;19.09458;+;-;not inf;;;not inf;+;-;0.678;0.895;5280;7050;7790;7870;200;210;200;211;;low alloy steel AISI 4135. air melted. quenched&tempered;140.83708;259.96583;260.29458;;;;;;;;;;;;;;;;;;;;;;;;;;;;;;;;;low alloy steel AISI 4135. air melted. quenched&tempered;;;;;;;;;;;;;;;;;;;;;;;;;;;;;;;;;;;;;;;;;;;;;;;;;;low alloy steel AISI 4135. air melted. quenched&tempered;;;;;;;;;;;;;;;;;;;;;;;;;;;;;;;;;;;;;;;;;;;;;;;;;;;;;;;;;;;;;;;;;;;;;;;;;;;;;;;;;;;;;;;;;;;;;;;;;;;;;;;;;;;;;;;;;;;;;;;;;;;;;;;;;;;;;;;;;;;;;;;;
low alloy steel AISI 4140. annealed;;;;;;;;;;;;;;+;;;;;;;;;;;;;;28.9;31.8;17.5;20.5;2.16;2.38;1.33;1.55;48.3;53.4;+;7.72;8.53;0.607;0.671;49.4;54.6;18.43708;19.09458;+;-;not inf;;;not inf;+;-;0.678;0.895;5280;7070;7800;7900;208;216;212;212;;low alloy steel AISI 4140. annealed;140.83708;259.96583;260.29458;;;;;;;;;;;;;;;;;;;;;;;;;;;;;;;;;low alloy steel AISI 4140. annealed;;;;;;;;;;;;;;;;;;;;;;;;;;;;;;;;;;;;;;;;;;;;;;;;;;low alloy steel AISI 4140. annealed;;;;;;;;;;;;;;;;;;;;;;;;;;;;;;;;;;;;;;;;;;;;;;;;;;;;;;;;;;;;;;;;;;;;;;;;;;;;;;;;;;;;;;;;;;;;;;;;;;;;;;;;;;;;;;;;;;;;;;;;;;;;;;;;;;;;;;;;;;;;;;;;
low alloy steel AISI 4140. normalized;;;;;;;;;;;;;;+;;;;;;;;;;;;;;28.9;31.8;17.5;20.5;2.16;2.38;1.33;1.55;48.3;53.4;+;7.72;8.53;0.607;0.671;49.4;54.6;18.43708;19.09458;+;-;not inf;;;not inf;+;-;0.678;0.895;5280;7070;7800;7900;208;216;212;212;;low alloy steel AISI 4140. normalized;140.83708;259.96583;260.29458;;;;;;;;;;;;;;;;;;;;;;;;;;;;;;;;;low alloy steel AISI 4140. normalized;;;;;;;;;;;;;;;;;;;;;;;;;;;;;;;;;;;;;;;;;;;;;;;;;;low alloy steel AISI 4140. normalized;;;;;;;;;;;;;;;;;;;;;;;;;;;;;;;;;;;;;;;;;;;;;;;;;;;;;;;;;;;;;;;;;;;;;;;;;;;;;;;;;;;;;;;;;;;;;;;;;;;;;;;;;;;;;;;;;;;;;;;;;;;;;;;;;;;;;;;;;;;;;;;;
low alloy steel AISI 4150. annealed;;;;;;;;;;;;;;+;;;;;;;;;;;;;;28.9;31.8;17.5;20.5;2.16;2.38;1.33;1.55;48.3;53.4;+;7.72;8.53;0.607;0.671;49.4;54.6;18.43708;19.09458;+;-;not inf;;;not inf;+;-;0.678;0.895;5280;7070;7800;7900;201;212;;;;low alloy steel AISI 4150. annealed;140.83708;259.96583;260.29458;;;;;;;;;;;;;;;;;;;;;;;;;;;;;;;;;low alloy steel AISI 4150. annealed;;;;;;;;;;;;;;;;;;;;;;;;;;;;;;;;;;;;;;;;;;;;;;;;;;low alloy steel AISI 4150. annealed;;;;;;;;;;;;;;;;;;;;;;;;;;;;;;;;;;;;;;;;;;;;;;;;;;;;;;;;;;;;;;;;;;;;;;;;;;;;;;;;;;;;;;;;;;;;;;;;;;;;;;;;;;;;;;;;;;;;;;;;;;;;;;;;;;;;;;;;;;;;;;;;
low alloy steel AISI 4150. normalized;;;;;;;;;;;;;;+;;;;;;;;;;;;;;28.9;31.8;17.5;20.5;2.16;2.38;1.33;1.55;48.3;53.4;+;7.72;8.53;0.607;0.671;49.4;54.6;18.43708;19.09458;+;-;not inf;;;not inf;+;-;0.678;0.895;5280;7070;7800;7900;201;212;;;;low alloy steel AISI 4150. normalized;140.83708;259.96583;260.29458;;;;;;;;;;;;;;;;;;;;;;;;;;;;;;;;;low alloy steel AISI 4150. normalized;;;;;;;;;;;;;;;;;;;;;;;;;;;;;;;;;;;;;;;;;;;;;;;;;;low alloy steel AISI 4150. normalized;;;;;;;;;;;;;;;;;;;;;;;;;;;;;;;;;;;;;;;;;;;;;;;;;;;;;;;;;;;;;;;;;;;;;;;;;;;;;;;;;;;;;;;;;;;;;;;;;;;;;;;;;;;;;;;;;;;;;;;;;;;;;;;;;;;;;;;;;;;;;;;;
low alloy steel AISI 4320. annealed;;;;;;;;;;;;;;+;;;;;;;;;;;;;;28.9;31.8;17.5;20.5;2.16;2.38;1.33;1.55;49.4;54.5;+;7.72;8.53;0.607;0.671;49.4;54.6;18.43708;19.09458;+;-;not inf;;;not inf;+;-;0.895;1.18;6980;9290;7800;7900;201;212;;;;low alloy steel AISI 4320. annealed;140.83708;259.96583;260.29458;;;;;;;;;;;;;;;;;;;;;;;;;;;;;;;;;low alloy steel AISI 4320. annealed;;;;;;;;;;;;;;;;;;;;;;;;;;;;;;;;;;;;;;;;;;;;;;;;;;low alloy steel AISI 4320. annealed;;;;;;;;;;;;;;;;;;;;;;;;;;;;;;;;;;;;;;;;;;;;;;;;;;;;;;;;;;;;;;;;;;;;;;;;;;;;;;;;;;;;;;;;;;;;;;;;;;;;;;;;;;;;;;;;;;;;;;;;;;;;;;;;;;;;;;;;;;;;;;;;
low alloy steel AISI 4330V quenched&tempered;;;;;;;;;;;;;;+;;;;;;;;;;;;;;28.9;31.8;17.5;20.5;2.16;2.38;1.33;1.55;52.3;57.9;+;7.72;8.53;0.607;0.671;49.4;54.6;18.43708;19.09458;+;-;not inf;;;not inf;+;-;0.929;1.22;7240;9630;7790;7870;200;210;200;211;;low alloy steel AISI 4330V quenched&tempered;140.83708;259.96583;260.29458;;;;;;;;;;;;;;;;;;;;;;;;;;;;;;;;;low alloy steel AISI 4330V quenched&tempered;;;;;;;;;;;;;;;;;;;;;;;;;;;;;;;;;;;;;;;;;;;;;;;;;;low alloy steel AISI 4330V quenched&tempered;;;;;;;;;;;;;;;;;;;;;;;;;;;;;;;;;;;;;;;;;;;;;;;;;;;;;;;;;;;;;;;;;;;;;;;;;;;;;;;;;;;;;;;;;;;;;;;;;;;;;;;;;;;;;;;;;;;;;;;;;;;;;;;;;;;;;;;;;;;;;;;;
low alloy steel AISI 4620;;;;;;;;;;;;;;+;;;;;;;;;;;;;;28.9;31.8;17.5;20.5;2.16;2.38;1.33;1.55;47.3;52.3;+;7.72;8.53;0.607;0.671;49.4;54.6;18.43708;19.09458;+;-;not inf;;;not inf;+;-;0.895;1.17;6980;9210;7800;7900;201;212;;;;low alloy steel AISI 4620;140.83708;259.96583;260.29458;;;;;;;;;;;;;;;;;;;;;;;;;;;;;;;;;low alloy steel AISI 4620;;;;;;;;;;;;;;;;;;;;;;;;;;;;;;;;;;;;;;;;;;;;;;;;;;low alloy steel AISI 4620;;;;;;;;;;;;;;;;;;;;;;;;;;;;;;;;;;;;;;;;;;;;;;;;;;;;;;;;;;;;;;;;;;;;;;;;;;;;;;;;;;;;;;;;;;;;;;;;;;;;;;;;;;;;;;;;;;;;;;;;;;;;;;;;;;;;;;;;;;;;;;;;
low alloy steel AISI 5140 annealed;;;;;;;;;;;;;;+;;;;;;;;;;;;;;28.9;31.8;17.5;20.5;2.16;2.38;1.33;1.55;47.3;51.9;+;7.72;8.53;0.607;0.671;49.4;54.6;18.43708;19.09458;+;-;not inf;;;not inf;+;-;0.655;0.861;5110;6800;7800;7900;209;217;200;211;;low alloy steel AISI 5140 annealed;140.83708;259.96583;260.29458;;;;;;;;;;;;;;;;;;;;;;;;;;;;;;;;;low alloy steel AISI 5140 annealed;;;;;;;;;;;;;;;;;;;;;;;;;;;;;;;;;;;;;;;;;;;;;;;;;;low alloy steel AISI 5140 annealed;;;;;;;;;;;;;;;;;;;;;;;;;;;;;;;;;;;;;;;;;;;;;;;;;;;;;;;;;;;;;;;;;;;;;;;;;;;;;;;;;;;;;;;;;;;;;;;;;;;;;;;;;;;;;;;;;;;;;;;;;;;;;;;;;;;;;;;;;;;;;;;;
low alloy steel AISI 8630 annealed;;;;;;;;;;;;;;+;;;;;;;;;;;;;;28.9;31.8;17.5;20.5;2.16;2.38;1.33;1.55;47.4;52.3;+;7.72;8.53;0.607;0.671;49.4;54.6;18.43708;19.09458;+;-;not inf;;;not inf;+;-;0.741;0.972;5780;7680;7800;7900;201;212;;;;low alloy steel AISI 8630 annealed;140.83708;259.96583;260.29458;;;;;;;;;;;;;;;;;;;;;;;;;;;;;;;;;low alloy steel AISI 8630 annealed;;;;;;;;;;;;;;;;;;;;;;;;;;;;;;;;;;;;;;;;;;;;;;;;;;low alloy steel AISI 8630 annealed;;;;;;;;;;;;;;;;;;;;;;;;;;;;;;;;;;;;;;;;;;;;;;;;;;;;;;;;;;;;;;;;;;;;;;;;;;;;;;;;;;;;;;;;;;;;;;;;;;;;;;;;;;;;;;;;;;;;;;;;;;;;;;;;;;;;;;;;;;;;;;;;
Cobalt-base-superalloy HAYNES STELLITE 6B;;;;;;;;;;;;;;+;;;;;;;;;;;;;;1390;1530;979;1120;33;36.4;24;27.4;477;527;+;147;162;11.5;12.7;27.6;30.5;1046.932;1112.76;+;-;not inf;;;not inf;+;-;21.4;29;177000;245000;8300;8450;210;235;;;;Cobalt-base-superalloy HAYNES STELLITE 6B;1169.332;1205.846;1242.36;;;;;;;;;;;;;;;;;;;;;;;;;;;;;;;;;Cobalt-base-superalloy HAYNES STELLITE 6B;;;;;;;;;;;;;;;;;;;;;;;;;;;;;;;;;;;;;;;;;;;;;;;;;;Cobalt-base-superalloy HAYNES STELLITE 6B;;;;;;;;;;;;;;;;;;;;;;;;;;;;;;;;;;;;;;;;;;;;;;;;;;;;;;;;;;;;;;;;;;;;;;;;;;;;;;;;;;;;;;;;;;;;;;;;;;;;;;;;;;;;;;;;;;;;;;;;;;;;;;;;;;;;;;;;;;;;;;;;
Cobalt-base-superalloy HAYNES STELLITE 6K;;;;;;;;;;;;;;+;;;;;;;;;;;;;;1380;1520;972;1110;32.8;36.2;23.8;27.2;474;524;+;146;161;11.5;12.7;27.6;30.5;1039.416;1105.505;+;-;not inf;;;not inf;+;-;21.3;28.8;177000;244000;8300;8450;210;235;;;;Cobalt-base-superalloy HAYNES STELLITE 6K;1161.816;1198.4605;1235.105;;;;;;;;;;;;;;;;;;;;;;;;;;;;;;;;;Cobalt-base-superalloy HAYNES STELLITE 6K;;;;;;;;;;;;;;;;;;;;;;;;;;;;;;;;;;;;;;;;;;;;;;;;;;Cobalt-base-superalloy HAYNES STELLITE 6K;;;;;;;;;;;;;;;;;;;;;;;;;;;;;;;;;;;;;;;;;;;;;;;;;;;;;;;;;;;;;;;;;;;;;;;;;;;;;;;;;;;;;;;;;;;;;;;;;;;;;;;;;;;;;;;;;;;;;;;;;;;;;;;;;;;;;;;;;;;;;;;;
Cobalt-base-superalloy HAYNES STELLITE 31;;;;;;;;;;;;;;+;;;;;;;;;;;;;;1280;1410;902;1030;32;35.2;23.82;26.5;435;480;+;138;152;10.8;12;27.6;30.5;964.808;1026.31;+;-;not inf;;;not inf;+;-;21.7;29.8;185000;259000;8300;8700;220;230;;;;Cobalt-base-superalloy HAYNES STELLITE 31;1087.208;1121.559;1155.91;;;;;;;;;;;;;;;;;;;;;;;;;;;;;;;;;Cobalt-base-superalloy HAYNES STELLITE 31;;;;;;;;;;;;;;;;;;;;;;;;;;;;;;;;;;;;;;;;;;;;;;;;;;Cobalt-base-superalloy HAYNES STELLITE 31;;;;;;;;;;;;;;;;;;;;;;;;;;;;;;;;;;;;;;;;;;;;;;;;;;;;;;;;;;;;;;;;;;;;;;;;;;;;;;;;;;;;;;;;;;;;;;;;;;;;;;;;;;;;;;;;;;;;;;;;;;;;;;;;;;;;;;;;;;;;;;;;
Titanium. alpha-beta alloy. Ti-6Al-4V ELI. annealed;;;;;;;;;;;;;;;;+;;;;;;;;;;;;655;723;517;585;38.5;42.4;30.8;34.7;435;480;+;82.8;91.6;6.51;7.2;21.8;24.1;530.2604;570.8326;+;-;not inf;;;not inf;+;-;19.4;23.8;86100;106000;4410;4450;110;117;111;111;;Titanium. alpha-beta alloy. Ti-6Al-4V ELI. annealed;;;;;;;559.0604;647.7465;736.4326;;;;;;;;;;;;;;;;;;;;;;;;;;;Titanium. alpha-beta alloy. Ti-6Al-4V ELI. annealed;;;;;;;;;;;;;;;;;;;;;;;;;;;;;;;;;;;;;;;;;;;;;;;;;;Titanium. alpha-beta alloy. Ti-6Al-4V ELI. annealed;;;;;;;;;;;;;;;;;;;;;;;;;;;;;;;;;;;;;;;;;;;;;;;;;;;;;;;;;;;;;;;;;;;;;;;;;;;;;;;;;;;;;;;;;;;;;;;;;;;;;;;;;;;;;;;;;;;;;;;;;;;;;;;;;;;;;;;;;;;;;;;;
Titanium. alpha-beta alloy. Ti-6Al-4V ELI. aged;;;;;;;;;;;;;;;;+;;;;;;;;;;;;656;723;283;351;38.5;42.5;17.7;21.7;187;207;+;82.8;91.6;6.52;7.2;58.9;65.1;318.3852;311.9586;+;-;not inf;;;not inf;+;-;19.5;23.8;86100;106000;4420;4430;111;119;110;117;;Titanium. alpha-beta alloy. Ti-6Al-4V ELI. aged;;;;;;;347.1852;412.3719;477.5586;;;;;;;;;;;;;;;;;;;;;;;;;;;Titanium. alpha-beta alloy. Ti-6Al-4V ELI. aged;;;;;;;;;;;;;;;;;;;;;;;;;;;;;;;;;;;;;;;;;;;;;;;;;;Titanium. alpha-beta alloy. Ti-6Al-4V ELI. aged;;;;;;;;;;;;;;;;;;;;;;;;;;;;;;;;;;;;;;;;;;;;;;;;;;;;;;;;;;;;;;;;;;;;;;;;;;;;;;;;;;;;;;;;;;;;;;;;;;;;;;;;;;;;;;;;;;;;;;;;;;;;;;;;;;;;;;;;;;;;;;;;
Titanium. alpha-beta alloy. Ti-6Al-4V. annealed;;;;;;;;;;;;;;;;+;;;;;;;;;;;;656;723;283;351;38.5;42.5;17.7;21.7;187;207;+;82.8;91.6;6.52;7.2;58.9;65.1;318.3852;311.9586;+;-;not inf;;;not inf;+;-;19.5;23.8;86100;106000;4410;4450;110;119;111;111;;Titanium. alpha-beta alloy. Ti-6Al-4V. annealed;;;;;;;347.1852;412.3719;477.5586;;;;;;;;;;;;;;;;;;;;;;;;;;;Titanium. alpha-beta alloy. Ti-6Al-4V. annealed;;;;;;;;;;;;;;;;;;;;;;;;;;;;;;;;;;;;;;;;;;;;;;;;;;Titanium. alpha-beta alloy. Ti-6Al-4V. annealed;;;;;;;;;;;;;;;;;;;;;;;;;;;;;;;;;;;;;;;;;;;;;;;;;;;;;;;;;;;;;;;;;;;;;;;;;;;;;;;;;;;;;;;;;;;;;;;;;;;;;;;;;;;;;;;;;;;;;;;;;;;;;;;;;;;;;;;;;;;;;;;;
Titanium. alpha-beta alloy. Ti-6Al-4V. cast;;;;;;;;;;;;;;;;+;;;;;;;;;;;;656;723;283;351;38.5;42.4;17.7;21.7;188;208;+;82.8;91.6;6.51;7.2;58.9;65.1;318.3852;311.9586;+;-;not inf;;;not inf;+;-;19.5;23.8;86100;106000;4430;4430;113;115;;;;Titanium. alpha-beta alloy. Ti-6Al-4V. cast;;;;;;;347.1852;412.3719;477.5586;;;;;;;;;;;;;;;;;;;;;;;;;;;Titanium. alpha-beta alloy. Ti-6Al-4V. cast;;;;;;;;;;;;;;;;;;;;;;;;;;;;;;;;;;;;;;;;;;;;;;;;;;Titanium. alpha-beta alloy. Ti-6Al-4V. cast;;;;;;;;;;;;;;;;;;;;;;;;;;;;;;;;;;;;;;;;;;;;;;;;;;;;;;;;;;;;;;;;;;;;;;;;;;;;;;;;;;;;;;;;;;;;;;;;;;;;;;;;;;;;;;;;;;;;;;;;;;;;;;;;;;;;;;;;;;;;;;;;
Titanium. commercial purity. grade 2;;;;;;;;;;;;;;;;+;;;;;;;;;;;;559;616;243;301;31.5;34.9;14.8;18.1;104;115;+;73.4;81.1;5.77;6.38;58.9;65.1;272.9816;267.7801;+;-;not inf;;;not inf;+;-;12.3;15.8;55300;71200;4510;4520;100;105;;;;Titanium. commercial purity. grade 2;;;;;;;301.7816;367.58085;433.3801;;;;;;;;;;;;;;;;;;;;;;;;;;;Titanium. commercial purity. grade 2;;;;;;;;;;;;;;;;;;;;;;;;;;;;;;;;;;;;;;;;;;;;;;;;;;Titanium. commercial purity. grade 2;;;;;;;;;;;;;;;;;;;;;;;;;;;;;;;;;;;;;;;;;;;;;;;;;;;;;;;;;;;;;;;;;;;;;;;;;;;;;;;;;;;;;;;;;;;;;;;;;;;;;;;;;;;;;;;;;;;;;;;;;;;;;;;;;;;;;;;;;;;;;;;;
Stainless steel. martensitic. 17-4PH. cast. H1000;;;;;;;;;;;;;;;;;;+;;;;;;;;;;63.3;69.6;41.5;48;5.45;6.01;3.47;4.04;130;144;+;14;15.5;1.1;1.22;49.4;54.6;38.9458;40.0614;+;-;not inf;;;not inf;+;-;4.97;5.49;38700;43200;7790;7870;197;207;;;;Stainless steel. martensitic. 17-4PH. cast. H1000;;;;;;;;;;;;;136.1458;197.9036;259.6614;;;;;;;;;;;;;;;;;;;;;Stainless steel. martensitic. 17-4PH. cast. H1000;;;;;;;;;;;;;;;;;;;;;;;;;;;;;;;;;;;;;;;;;;;;;;;;;;Stainless steel. martensitic. 17-4PH. cast. H1000;;;;;;;;;;;;;;;;;;;;;;;;;;;;;;;;;;;;;;;;;;;;;;;;;;;;;;;;;;;;;;;;;;;;;;;;;;;;;;;;;;;;;;;;;;;;;;;;;;;;;;;;;;;;;;;;;;;;;;;;;;;;;;;;;;;;;;;;;;;;;;;;
Stainless steel. martensitic. 15-5PH. cast. H935;;;;;;;;;;;;;;;;;;+;;;;;;;;;;62.5;68.9;41.1;47.7;5.41;5.97;3.46;4.02;123;136;+;13.9;15.3;1.09;1.21;49.4;54.6;38.4916;39.6344;+;-;not inf;;;not inf;+;-;4.99;5.52;38700;43300;7770;7840;197;207;197;207;;Stainless steel. martensitic. 15-5PH. cast. H935;;;;;;;;;;;;;135.6916;197.463;259.2344;;;;;;;;;;;;;;;;;;;;;Stainless steel. martensitic. 15-5PH. cast. H935;;;;;;;;;;;;;;;;;;;;;;;;;;;;;;;;;;;;;;;;;;;;;;;;;;Stainless steel. martensitic. 15-5PH. cast. H935;;;;;;;;;;;;;;;;;;;;;;;;;;;;;;;;;;;;;;;;;;;;;;;;;;;;;;;;;;;;;;;;;;;;;;;;;;;;;;;;;;;;;;;;;;;;;;;;;;;;;;;;;;;;;;;;;;;;;;;;;;;;;;;;;;;;;;;;;;;;;;;;
Stainless steel. martensitic. ASTM CB-7Cu. cast. aged at 480°C;pas de difference;;;;;;;;;;;;;;;;;+;;;;;;;;;;60.5;66.7;37.7;43.9;5.28;5.82;3.2;3.75;124;137;+;13.6;15;1.07;1.18;49.4;54.6;37.3314;38.4718;+;-;not inf;;;not inf;+;-;4.94;5.45;38100;42500;7700;7800;190;200;;;;Stainless steel. martensitic. ASTM CB-7Cu. cast. aged at 480°C;;;;;;;;;;;;;134.5314;196.3016;258.0718;;;;;;;;;;;;;;;;;;;;;Stainless steel. martensitic. ASTM CB-7Cu. cast. aged at 480°C;;;;;;;;;;;;;;;;;;;;;;;;;;;;;;;;;;;;;;;;;;;;;;;;;;Stainless steel. martensitic. ASTM CB-7Cu. cast. aged at 480°C;;;;;;;;;;;;;;;;;;;;;;;;;;;;;;;;;;;;;;;;;;;;;;;;;;;;;;;;;;;;;;;;;;;;;;;;;;;;;;;;;;;;;;;;;;;;;;;;;;;;;;;;;;;;;;;;;;;;;;;;;;;;;;;;;;;;;;;;;;;;;;;;
Stainless steel. martensitic. ASTM CB-7Cu. cast. aged at 495°C;;;;;;;;;;;;;;;;;;+;;;;;;;;;;60.5;66.7;37.7;43.9;5.28;5.82;3.2;3.75;124;137;+;13.6;15;1.07;1.18;49.4;54.6;37.3314;38.4718;+;-;not inf;;;not inf;+;-;4.94;5.45;38100;42500;7700;7800;190;200;;;;Stainless steel. martensitic. ASTM CB-7Cu. cast. aged at 495°C;;;;;;;;;;;;;134.5314;196.3016;258.0718;;;;;;;;;;;;;;;;;;;;;Stainless steel. martensitic. ASTM CB-7Cu. cast. aged at 495°C;;;;;;;;;;;;;;;;;;;;;;;;;;;;;;;;;;;;;;;;;;;;;;;;;;Stainless steel. martensitic. ASTM CB-7Cu. cast. aged at 495°C;;;;;;;;;;;;;;;;;;;;;;;;;;;;;;;;;;;;;;;;;;;;;;;;;;;;;;;;;;;;;;;;;;;;;;;;;;;;;;;;;;;;;;;;;;;;;;;;;;;;;;;;;;;;;;;;;;;;;;;;;;;;;;;;;;;;;;;;;;;;;;;;
Stainless steel. martensitic. ASTM CB-7Cu. cast. aged at 550°C;;;;;;;;;;;;;;;;;;+;;;;;;;;;;60.5;66.7;37.7;43.9;5.28;5.82;3.2;3.75;124;137;+;13.6;15;1.07;1.18;49.4;54.6;37.3314;38.4718;+;-;not inf;;;not inf;+;-;4.94;5.45;38100;42500;7700;7800;190;200;;;;Stainless steel. martensitic. ASTM CB-7Cu. cast. aged at 550°C;;;;;;;;;;;;;134.5314;196.3016;258.0718;;;;;;;;;;;;;;;;;;;;;Stainless steel. martensitic. ASTM CB-7Cu. cast. aged at 550°C;;;;;;;;;;;;;;;;;;;;;;;;;;;;;;;;;;;;;;;;;;;;;;;;;;Stainless steel. martensitic. ASTM CB-7Cu. cast. aged at 550°C;;;;;;;;;;;;;;;;;;;;;;;;;;;;;;;;;;;;;;;;;;;;;;;;;;;;;;;;;;;;;;;;;;;;;;;;;;;;;;;;;;;;;;;;;;;;;;;;;;;;;;;;;;;;;;;;;;;;;;;;;;;;;;;;;;;;;;;;;;;;;;;;
Stainless steel. martensitic. ASTM CB-7Cu. cast. aged at 580°C;;;;;;;;;;;;;;;;;;+;;;;;;;;;;60.5;66.7;37.7;43.9;5.28;5.82;3.2;3.75;124;137;+;13.6;15;1.07;1.18;49.4;54.6;37.3314;38.4718;+;-;not inf;;;not inf;+;-;4.94;5.45;38100;42500;7700;7800;190;200;;;;Stainless steel. martensitic. ASTM CB-7Cu. cast. aged at 580°C;;;;;;;;;;;;;134.5314;196.3016;258.0718;;;;;;;;;;;;;;;;;;;;;Stainless steel. martensitic. ASTM CB-7Cu. cast. aged at 580°C;;;;;;;;;;;;;;;;;;;;;;;;;;;;;;;;;;;;;;;;;;;;;;;;;;Stainless steel. martensitic. ASTM CB-7Cu. cast. aged at 580°C;;;;;;;;;;;;;;;;;;;;;;;;;;;;;;;;;;;;;;;;;;;;;;;;;;;;;;;;;;;;;;;;;;;;;;;;;;;;;;;;;;;;;;;;;;;;;;;;;;;;;;;;;;;;;;;;;;;;;;;;;;;;;;;;;;;;;;;;;;;;;;;;
Stainless steel. martensitic. ASTM CB-7Cu. cast. aged at 595°C;;;;;;;;;;;;;;;;;;+;;;;;;;;;;60.5;66.7;37.7;43.9;5.28;5.82;3.2;3.75;124;137;+;13.6;15;1.07;1.18;49.4;54.6;37.3314;38.4718;+;-;Heat of combustion (net) MJ/kg;;Combustion CO2 kg/kg;;+;-;4.94;5.45;38100;42500;7700;7800;190;200;;;;Stainless steel. martensitic. ASTM CB-7Cu. cast. aged at 595°C;;;;;;;;;;;;;134.5314;196.3016;258.0718;;;;;;;;;;;;;;;;;;;;;Stainless steel. martensitic. ASTM CB-7Cu. cast. aged at 595°C;;;;;;;;;;;;;;;;;;;;;;;;;;;;;;;;;;;;;;;;;;;;;;;;;;Stainless steel. martensitic. ASTM CB-7Cu. cast. aged at 595°C;;;;;;;;;;;;;;;;;;;;;;;;;;;;;;;;;;;;;;;;;;;;;;;;;;;;;;;;;;;;;;;;;;;;;;;;;;;;;;;;;;;;;;;;;;;;;;;;;;;;;;;;;;;;;;;;;;;;;;;;;;;;;;;;;;;;;;;;;;;;;;;;
Stainless steel. martensitic. ASTM CB-7Cu. cast. aged at 620°C;;;;;;;;;;;;;;;;;;+;;;;;;;;;;60.5;66.7;37.7;43.9;5.28;5.82;3.2;3.75;124;137;+;13.6;15;1.07;1.18;49.4;54.6;37.3314;38.4718;+;-;MIN;MAX;MIN;MAX;+;-;4.94;5.45;38100;42500;7700;7800;190;200;;;;Stainless steel. martensitic. ASTM CB-7Cu. cast. aged at 620°C;;;;;;;;;;;;;134.5314;196.3016;258.0718;;;;;;;;;;;;;;;;;;;;;Stainless steel. martensitic. ASTM CB-7Cu. cast. aged at 620°C;;;;;;;;;;;;;;;;;;;;;;;;;;;;;;;;;;;;;;;;;;;;;;;;;;Stainless steel. martensitic. ASTM CB-7Cu. cast. aged at 620°C;;;;;;;;;;;;;;;;;;;;;;;;;;;;;;;;;;;;;;;;;;;;;;;;;;;;;;;;;;;;;;;;;;;;;;;;;;;;;;;;;;;;;;;;;;;;;;;;;;;;;;;;;;;;;;;;;;;;;;;;;;;;;;;;;;;;;;;;;;;;;;;;
ABS 40% aluminum flake;;;;;;;;;;;;;;;+;;;;;;;;;;;;;136;150;136;150;7.43;8.19;7.43;8.18;561;621;+;46.1;51;2.53;2.78;0.1;0.1;135.9101;149.901;+;-;22.5;23.7;1.84;1.93;+;-;3.11;3.78;4790;6080;1540;1610;2.49;2.61;;;;ABS 40% aluminum flake;;;;369.9101;769.30555;1168.701;;;;;;;;;;;;;;;;;;;;;;;;;;;;;;ABS 40% aluminum flake;;;;;;;;;;;;;;;;;;;;;;;;;;;;;;;;;;;;;;;;;;;;;;;;;;ABS 40% aluminum flake;;;;;;;;;;;;;;;;;;;;;;;;;;;;;;;;;;;;;;;;;;;;;;;;;;;;;;;;;;;;;;;;;;;;;;;;;;;;;;;;;;;;;;;;;;;;;;;;;;;;;;;;;;;;;;;;;;;;;;;;;;;;;;;;;;;;;;;;;;;;;;;;
ABS extrusion;;;;;;;;;;;;;;;+;;;;;;;;;;;;;91.5;101;88.9;98.3;3.51;3.87;3.41;3.77;167;185;+;31;34.3;1.19;1.32;3.8;4.2;89.201;98.1986;+;-;37.6;39.5;3.06;3.22;+;-;1.44;2.11;1470;2280;1020;1080;2;2.9;;;;ABS extrusion;;;;323.201;720.0998;1116.9986;;;;;;;;;;;;;;;;;;;;;;;;;;;;;;ABS extrusion;;;;;;;;;;;;;;;;;;;;;;;;;;;;;;;;;;;;;;;;;;;;;;;;;;ABS extrusion;;;;;;;;;;;;;;;;;;;;;;;;;;;;;;;;;;;;;;;;;;;;;;;;;;;;;;;;;;;;;;;;;;;;;;;;;;;;;;;;;;;;;;;;;;;;;;;;;;;;;;;;;;;;;;;;;;;;;;;;;;;;;;;;;;;;;;;;;;;;;;;;
ABS (flame retarded. molding and extrusion);;;;;;;;;;;;;;;+;;;;;;;;;;;;;94.8;105;92.&;102;3.92;4.32;3.81;4.21;167;185;+;32.1;35.5;1.33;1.47;3.8;4.2;92.4174;102.081;+;+;30.8;32.7;2.53;2.65;+;-;2.46;3.16;2860;3830;1160;1210;1.86;2.76;;;;ABS (flame retarded. molding and extrusion);;;;326.4174;723.6492;1120.881;;;;;;;;;;;;;;;;;;;;;;;;;;;;;;ABS (flame retarded. molding and extrusion);;;;;;;;;;;;;;;;;;;;;;;;;;;;;;;;;;;;;;;;;;;;;;;;;;ABS (flame retarded. molding and extrusion);;;;;;;;;;;;;;;;;;;;;;;;;;;;;;;;;;;;;;;;;;;;;;;;;;;;;;;;;;;;;;;;;;;;;;;;;;;;;;;;;;;;;;;;;;;;;;;;;;;;;;;;;;;;;;;;;;;;;;;;;;;;;;;;;;;;;;;;;;;;;;;;
ABS (heat resistant. injection molding);;;;;;;;;;;;;;;+;;;;;;;;;;;;;91.5;101;88.9;98.3;3.51;3.87;3.41;3.77;167;185;+;31;34.3;1.19;1.32;3.8;4.2;89.201;98.1986;+;+;37.6;39.5;3.06;3.22;+;-;1.44;2.11;1510;2280;1050;1080;1.97;2.48;;;;ABS (heat resistant. injection molding);;;;323.201;720.0998;1116.9986;;;;;;;;;;;;;;;;;;;;;;;;;;;;;;ABS (heat resistant. injection molding);;;;;;;;;;;;;;;;;;;;;;;;;;;;;;;;;;;;;;;;;;;;;;;;;;ABS (heat resistant. injection molding);;;;;;;;;;;;;;;;;;;;;;;;;;;;;;;;;;;;;;;;;;;;;;;;;;;;;;;;;;;;;;;;;;;;;;;;;;;;;;;;;;;;;;;;;;;;;;;;;;;;;;;;;;;;;;;;;;;;;;;;;;;;;;;;;;;;;;;;;;;;;;;;
ABS (hIgh-impact. injection molding);;;;;;;;;;;;;;;+;;;;;;;;;;;;;91.5;101;88.9;98.3;3.51;3.87;3.41;3.77;167;185;+;31;34.3;1.19;1.32;3.8;4.2;89.201;98.1986;+;+;37.6;39.5;3.06;3.22;+;-;1.44;2.11;1460;2210;1010;1050;1.1;2.41;;;;ABS (hIgh-impact. injection molding);;;;323.201;720.0998;1116.9986;;;;;;;;;;;;;;;;;;;;;;;;;;;;;;ABS (hIgh-impact. injection molding);;;;;;;;;;;;;;;;;;;;;;;;;;;;;;;;;;;;;;;;;;;;;;;;;;ABS (hIgh-impact. injection molding);;;;;;;;;;;;;;;;;;;;;;;;;;;;;;;;;;;;;;;;;;;;;;;;;;;;;;;;;;;;;;;;;;;;;;;;;;;;;;;;;;;;;;;;;;;;;;;;;;;;;;;;;;;;;;;;;;;;;;;;;;;;;;;;;;;;;;;;;;;;;;;;
ABS (injection molding. platable);;;;;;;;;;;;;;;+;;;;;;;;;;;;;91.5;101;88.9;98.3;3.51;3.87;3.41;3.77;167;185;+;31;34.3;1.19;1.32;3.8;4.2;89.201;98.1986;+;+;37.6;39.5;3.06;3.22;+;-;1.44;2.11;1500;2250;1040;1070;2.21;2.62;;;;ABS (injection molding. platable);;;;323.201;720.0998;1116.9986;;;;;;;;;;;;;;;;;;;;;;;;;;;;;;ABS (injection molding. platable);;;;;;;;;;;;;;;;;;;;;;;;;;;;;;;;;;;;;;;;;;;;;;;;;;ABS (injection molding. platable);;;;;;;;;;;;;;;;;;;;;;;;;;;;;;;;;;;;;;;;;;;;;;;;;;;;;;;;;;;;;;;;;;;;;;;;;;;;;;;;;;;;;;;;;;;;;;;;;;;;;;;;;;;;;;;;;;;;;;;;;;;;;;;;;;;;;;;;;;;;;;;;
ABS (medium-impact. injection molding);;;;;;;;;;;;;;;+;;;;;;;;;;;;;91.5;101;88.9;98.3;3.51;3.87;3.41;3.77;167;185;+;31;34.3;1.19;1.32;3.8;4.2;89.201;98.1986;+;+;37.6;39.5;3.06;3.22;+;-;1.44;2.11;1480;2230;1030;1060;2.07;2.76;;;;ABS (medium-impact. injection molding);;;;323.201;720.0998;1116.9986;;;;;;;;;;;;;;;;;;;;;;;;;;;;;;ABS (medium-impact. injection molding);;;;;;;;;;;;;;;;;;;;;;;;;;;;;;;;;;;;;;;;;;;;;;;;;;ABS (medium-impact. injection molding);;;;;;;;;;;;;;;;;;;;;;;;;;;;;;;;;;;;;;;;;;;;;;;;;;;;;;;;;;;;;;;;;;;;;;;;;;;;;;;;;;;;;;;;;;;;;;;;;;;;;;;;;;;;;;;;;;;;;;;;;;;;;;;;;;;;;;;;;;;;;;;;
ABS (rubber modified. injection molding and extrusion);;;;;;;;;;;;;;;+;;;;;;;;;;;;;96.4;106;93.7;104;3.84;4.24;3.73;4.13;156;172;+;32.7;36.1;1.31;1.44;3.8;4.2;93.9794;103.0642;+;+;37.6;39.5;3.06;3.22;+;-;1.98;2.63;2040;3140;1030;1190;2.09;2.19;;;;ABS (rubber modified. injection molding and extrusion);;;;327.9794;724.9218;1121.8642;;;;;;;;;;;;;;;;;;;;;;;;;;;;;;ABS (rubber modified. injection molding and extrusion);;;;;;;;;;;;;;;;;;;;;;;;;;;;;;;;;;;;;;;;;;;;;;;;;;ABS (rubber modified. injection molding and extrusion);;;;;;;;;;;;;;;;;;;;;;;;;;;;;;;;;;;;;;;;;;;;;;;;;;;;;;;;;;;;;;;;;;;;;;;;;;;;;;;;;;;;;;;;;;;;;;;;;;;;;;;;;;;;;;;;;;;;;;;;;;;;;;;;;;;;;;;;;;;;;;;;
PC (10-15% PTFE. lubricated);;;;;;;;;;;;;;;+;;;;;;;;;;;;;107;118;107;117;5.98;6.59;5.95;6.56;199;219;+;36.3;40.1;2;2.24;0.672;0.742;106.524896;117.421982;+;+;30.3;31.8;2.7;2.84;+;-;4.21;5.58;5300;7200;1260;1290;2.29;2.4;;;;PC (10-15% PTFE. lubricated);;;;642.924896;648.373439;653.821982;;;;;;;;;;;;;;;;;;;;;;;;;;;;;;PC (10-15% PTFE. lubricated);;;;;;;;;;;;;;;;;;;;;;;;;;;;;;;;;;;;;;;;;;;;;;;;;;PC (10-15% PTFE. lubricated);;;;;;;;;;;;;;;;;;;;;;;;;;;;;;;;;;;;;;;;;;;;;;;;;;;;;;;;;;;;;;;;;;;;;;;;;;;;;;;;;;;;;;;;;;;;;;;;;;;;;;;;;;;;;;;;;;;;;;;;;;;;;;;;;;;;;;;;;;;;;;;;
PC (30% PTFE. lubricated);;;;;;;;;;;;;;;+;;;;;;;;;;;;;108;119;108;119;5.92;6.53;5.89;6.5;246;272;+;36.8;40.6;2;2.22;0.672;0.742;107.521536;118.418272;+;+;30.3;31.8;2.7;2.84;+;-;6.38;8.78;8780;12300;1380;1400;3.09;3.24;;;;PC (30% PTFE. lubricated);;;;643.921536;643.921536;654.818272;;;;;;;;;;;;;;;;;;;;;;;;;;;;;;PC (30% PTFE. lubricated);;;;;;;;;;;;;;;;;;;;;;;;;;;;;;;;;;;;;;;;;;;;;;;;;;PC (30% PTFE. lubricated);;;;;;;;;;;;;;;;;;;;;;;;;;;;;;;;;;;;;;;;;;;;;;;;;;;;;;;;;;;;;;;;;;;;;;;;;;;;;;;;;;;;;;;;;;;;;;;;;;;;;;;;;;;;;;;;;;;;;;;;;;;;;;;;;;;;;;;;;;;;;;;;
PC (copolymer. heat resistant);;;;;;;;;;;;;;;+;;;;;;;;;;;;;101;111;100;111;5.62;6.2;5.6;6.18;165;182;+;34.2;37.8;1.91;2.11;0.672;0.742;100.551104;110.456856;+;+;30.3;31.8;2.7;2.84;+;-;2.11;2.69;2400;3180;1140;1180;2.21;2.4;;;;PC (copolymer. heat resistant);;;;636.951104;636.951104;646.856856;;;;;;;;;;;;;;;;;;;;;;;;;;;;;;PC (copolymer. heat resistant);;;;;;;;;;;;;;;;;;;;;;;;;;;;;;;;;;;;;;;;;;;;;;;;;;PC (copolymer. heat resistant);;;;;;;;;;;;;;;;;;;;;;;;;;;;;;;;;;;;;;;;;;;;;;;;;;;;;;;;;;;;;;;;;;;;;;;;;;;;;;;;;;;;;;;;;;;;;;;;;;;;;;;;;;;;;;;;;;;;;;;;;;;;;;;;;;;;;;;;;;;;;;;;
PC (high viscosity. molding and extrusion);;;;;;;;;;;;;;;+;;;;;;;;;;;;;101;111;100;111;5.62;6.2;5.6;6.18;165;182;+;34.2;37.8;1.91;2.11;0.672;0.742;100.551104;110.456856;+;+;30.3;31.8;2.7;2.84;+;-;2.11;2.69;2510;3260;1190;1210;2.32;2.44;;;;PC (high viscosity. molding and extrusion);;;;636.951104;636.951104;646.856856;;;;;;;;;;;;;;;;;;;;;;;;;;;;;;PC (high viscosity. molding and extrusion);;;;;;;;;;;;;;;;;;;;;;;;;;;;;;;;;;;;;;;;;;;;;;;;;;PC (high viscosity. molding and extrusion);;;;;;;;;;;;;;;;;;;;;;;;;;;;;;;;;;;;;;;;;;;;;;;;;;;;;;;;;;;;;;;;;;;;;;;;;;;;;;;;;;;;;;;;;;;;;;;;;;;;;;;;;;;;;;;;;;;;;;;;;;;;;;;;;;;;;;;;;;;;;;;;
PC (low viscosity. molding and extrusion);;;;;;;;;;;;;;;+;;;;;;;;;;;;;101;111;100;111;5.62;6.2;5.6;6.18;165;182;+;34.2;37.8;1.91;2.11;0.672;0.742;100.551104;110.456856;+;+;30.3;31.8;2.7;2.84;+;-;2.11;2.69;2510;3260;1190;1210;2.32;2.44;;;;PC (low viscosity. molding and extrusion);;;;636.951104;636.951104;646.856856;;;;;;;;;;;;;;;;;;;;;;;;;;;;;;PC (low viscosity. molding and extrusion);;;;;;;;;;;;;;;;;;;;;;;;;;;;;;;;;;;;;;;;;;;;;;;;;;PC (low viscosity. molding and extrusion);;;;;;;;;;;;;;;;;;;;;;;;;;;;;;;;;;;;;;;;;;;;;;;;;;;;;;;;;;;;;;;;;;;;;;;;;;;;;;;;;;;;;;;;;;;;;;;;;;;;;;;;;;;;;;;;;;;;;;;;;;;;;;;;;;;;;;;;;;;;;;;;
PC (low viscosity. molding and extrusion. flame retarded);;;;;;;;;;;;;;;+;;;;;;;;;;;;;103;114;103;113;5.82;6.41;5.79;6.38;165;182;+;35;38.7;2;2.18;0.672;0.742;102.54304;113.441274;+;+;24.8;26.4;2.23;2.34;+;-;3.09;3.72;3680;4470;1190;1200;2.29;2.31;;;;PC (low viscosity. molding and extrusion. flame retarded);;;;638.94304;638.94304;649.841274;;;;;;;;;;;;;;;;;;;;;;;;;;;;;;PC (low viscosity. molding and extrusion. flame retarded);;;;;;;;;;;;;;;;;;;;;;;;;;;;;;;;;;;;;;;;;;;;;;;;;;PC (low viscosity. molding and extrusion. flame retarded);;;;;;;;;;;;;;;;;;;;;;;;;;;;;;;;;;;;;;;;;;;;;;;;;;;;;;;;;;;;;;;;;;;;;;;;;;;;;;;;;;;;;;;;;;;;;;;;;;;;;;;;;;;;;;;;;;;;;;;;;;;;;;;;;;;;;;;;;;;;;;;;
PC (20% carbon fiber);;;;;;;;;;;;;;;+;;;;;;;;;;;;;268;296;268;296;17.9;19.7;17.9;19.7;527;583;-;0;0;0;0;0;0;268;296;+;+;30.6;32.2;2.88;3.02;+;-;6.63;9.72;8420;12500;1270;1290;13.5;14.1;;;;PC (20% carbon fiber);;;;804.4;804.4;832.4;;;;;;;;;;;;;;;;;;;;;;;;;;;;;;PC (20% carbon fiber);;;;;;;;;;;;;;;;;;;;;;;;;;;;;;;;;;;;;;;;;;;;;;;;;;PC (20% carbon fiber);;;;;;;;;;;;;;;;;;;;;;;;;;;;;;;;;;;;;;;;;;;;;;;;;;;;;;;;;;;;;;;;;;;;;;;;;;;;;;;;;;;;;;;;;;;;;;;;;;;;;;;;;;;;;;;;;;;;;;;;;;;;;;;;;;;;;;;;;;;;;;;;
PC+PBT (general purpose);;;;;;;;;;;;;;;+;;;;;;;;;;;;;108;119;108;119;6.24;6.88;6.24;6.88;149;157;+;36.7;40.5;2.12;2.34;0.1;0.1;107.9287;118.9215;+;+;28;29.4;2.52;2.65;+;-;2.18;3.26;2620;4170;1200;1280;1.9;2.4;;;;PC+PBT (general purpose);;;;644.3287;644.3287;655.3215;;;;;;;;;;;;;;;;;;;;;;;;;;;;;;PC+PBT (general purpose);;;;;;;;;;;;;;;;;;;;;;;;;;;;;;;;;;;;;;;;;;;;;;;;;;PC+PBT (general purpose);;;;;;;;;;;;;;;;;;;;;;;;;;;;;;;;;;;;;;;;;;;;;;;;;;;;;;;;;;;;;;;;;;;;;;;;;;;;;;;;;;;;;;;;;;;;;;;;;;;;;;;;;;;;;;;;;;;;;;;;;;;;;;;;;;;;;;;;;;;;;;;;
PC+PET (general purpose);;;;;;;;;;;;;;;+;;;;;;;;;;;;;96.4;106;96.4;106;5.95;6.56;5.95;6.56;149;157;+;32.7;36.2;2;2.23;0.1;0.1;96.3363;105.9302;+;+;26.7;28;2.47;2.6;+;-;1.66;3.05;1990;3720;1200;1220;2.09;2.26;;;;PC+PET (general purpose);;;;632.7363;632.7363;642.3302;;;;;;;;;;;;;;;;;;;;;;;;;;;;;;PC+PET (general purpose);;;;;;;;;;;;;;;;;;;;;;;;;;;;;;;;;;;;;;;;;;;;;;;;;;PC+PET (general purpose);;;;;;;;;;;;;;;;;;;;;;;;;;;;;;;;;;;;;;;;;;;;;;;;;;;;;;;;;;;;;;;;;;;;;;;;;;;;;;;;;;;;;;;;;;;;;;;;;;;;;;;;;;;;;;;;;;;;;;;;;;;;;;;;;;;;;;;;;;;;;;;;
PA1010 (molding and extrusion);;;;;;;;;;;;;;;;;;;+;;;;;;;;;220;243;219;242;3.81;4.2;3.79;4.18;8440;9300;+;74.7;82.5;1.3;1.43;0.672;0.742;219.023584;241.80909;+;+;35.4;37.2;2.58;2.71;+;-;12.2;14.1;12800;15200;1050;1080;1.16;1.2;;;;PA1010 (molding and extrusion);;;;;;;;;;;;;;;;291.023584;367.216337;443.40909;;;;;;;;;;;;;;;;;;PA1010 (molding and extrusion);;;;;;;;;;;;;;;;;;;;;;;;;;;;;;;;;;;;;;;;;;;;;;;;;;PA1010 (molding and extrusion);;;;;;;;;;;;;;;;;;;;;;;;;;;;;;;;;;;;;;;;;;;;;;;;;;;;;;;;;;;;;;;;;;;;;;;;;;;;;;;;;;;;;;;;;;;;;;;;;;;;;;;;;;;;;;;;;;;;;;;;;;;;;;;;;;;;;;;;;;;;;;;;
PA12 (flexible);;;;;;;;;;;;;;;;;;;+;;;;;;;;;139;153;138;153;7.1;7.83;7.07;7.8;176;194;+;47.1;52.1;2.41;2.66;0.672;0.742;138.382432;152.251322;+;+;36;37.9;2.61;2.75;+;-;5.63;7.59;5800;7890;1030;1040;0.35;0.42;;;;PA12 (flexible);;;;;;;;;;;;;;;;210.382432;282.116877;353.851322;;;;;;;;;;;;;;;;;;PA12 (flexible);;;;;;;;;;;;;;;;;;;;;;;;;;;;;;;;;;;;;;;;;;;;;;;;;;PA12 (flexible);;;;;;;;;;;;;;;;;;;;;;;;;;;;;;;;;;;;;;;;;;;;;;;;;;;;;;;;;;;;;;;;;;;;;;;;;;;;;;;;;;;;;;;;;;;;;;;;;;;;;;;;;;;;;;;;;;;;;;;;;;;;;;;;;;;;;;;;;;;;;;;;
PA410 (molding and extrusion);;;;;;;;;;;;;;;;;;;+;;;;;;;;;210;232;209;231;5.13;5.66;5.1;5.63;8440;9330;+;71.4;78.9;1.8;1.98;0.672;0.742;209.068608;230.863998;+;+;35.1;36.9;2.58;2.71;+;-;6.9;9.21;7530;10100;1090;1100;1.6;1.68;;;;PA410 (molding and extrusion);;;;;;;;;;;;;;;;281.068608;356.766303;432.463998;;;;;;;;;;;;;;;;;;PA410 (molding and extrusion);;;;;;;;;;;;;;;;;;;;;;;;;;;;;;;;;;;;;;;;;;;;;;;;;;PA410 (molding and extrusion);;;;;;;;;;;;;;;;;;;;;;;;;;;;;;;;;;;;;;;;;;;;;;;;;;;;;;;;;;;;;;;;;;;;;;;;;;;;;;;;;;;;;;;;;;;;;;;;;;;;;;;;;;;;;;;;;;;;;;;;;;;;;;;;;;;;;;;;;;;;;;;;
PA69 (unfilled);;;;;;;;;;;;;;;;;;;+;;;;;;;;;133;146;132;146;6.77;7.46;6.74;7.43;742;820;+;45;49.7;2.3;2.54;0.672;0.742;132.40864;145.285454;+;+;32.3;33.9;2.4;2.52;+;-;4.7;5.18;5070;5700;1080;1100;1.85;1.94;;;;PA69 (unfilled);;;;;;;;;;;;;;;;204.40864;275.647047;346.885454;;;;;;;;;;;;;;;;;;PA69 (unfilled);;;;;;;;;;;;;;;;;;;;;;;;;;;;;;;;;;;;;;;;;;;;;;;;;;PA69 (unfilled);;;;;;;;;;;;;;;;;;;;;;;;;;;;;;;;;;;;;;;;;;;;;;;;;;;;;;;;;;;;;;;;;;;;;;;;;;;;;;;;;;;;;;;;;;;;;;;;;;;;;;;;;;;;;;;;;;;;;;;;;;;;;;;;;;;;;;;;;;;;;;;;
Epoxy resin (cycloaliphatic);;;;;;;;;;;;;;;;;;;;;;;;;;;+;115;127;115;127;5.69;6.27;5.65;6.23;26.6;29.4;-;0;0;0;0;0;0;115;127;+;+;30;31.5;2.42;2.54;+;-;2.68;4.76;3100;5760;1160;1210;2.93;3.08;;;;Epoxy resin (cycloaliphatic);;;;;;;;;;;;;;;;;;;;;;194.2;236.2;278.2;;;;;;;;;;;;Epoxy resin (cycloaliphatic);;;;;;;;;;;;;;;;;;;;;;;;;;;;;;;;;;;;;;;;;;;;;;;;;;Epoxy resin (cycloaliphatic);;;;;;;;;;;;;;;;;;;;;;;;;;;;;;;;;;;;;;;;;;;;;;;;;;;;;;;;;;;;;;;;;;;;;;;;;;;;;;;;;;;;;;;;;;;;;;;;;;;;;;;;;;;;;;;;;;;;;;;;;;;;;;;;;;;;;;;;;;;;;;;;
Epoxy resin (unfilled);;;;;;;;;;;;;;;;;;;;;;;;;;;+;115;127;115;127;5.69;6.27;5.65;6.23;26.6;29.4;-;0;0;0;0;0;0;115;127;+;+;30;31.5;2.42;2.54;+;-;2.68;4.76;2970;6670;1110;1400;2.35;2.47;2.3;2.3;;Epoxy resin (unfilled);;;;;;;;;;;;;;;;;;;;;;194.2;236.2;278.2;;;;;;;;;;;;Epoxy resin (unfilled);;;;;;;;;;;;;;;;;;;;;;;;;;;;;;;;;;;;;;;;;;;;;;;;;;Epoxy resin (unfilled);;;;;;;;;;;;;;;;;;;;;;;;;;;;;;;;;;;;;;;;;;;;;;;;;;;;;;;;;;;;;;;;;;;;;;;;;;;;;;;;;;;;;;;;;;;;;;;;;;;;;;;;;;;;;;;;;;;;;;;;;;;;;;;;;;;;;;;;;;;;;;;;
Epoxy resin (heat resistant);;;;;;;;;;;;;;;;;;;;;;;;;;;+;115;127;115;127;5.69;6.27;5.65;6.23;26.6;29.4;-;0;0;0;0;0;0;115;127;+;+;30;31.5;2.42;2.54;+;-;2.68;4.76;3160;5910;1180;1240;2.4;2.9;;;;Epoxy resin (heat resistant);;;;;;;;;;;;;;;;;;;;;;194.2;236.2;278.2;;;;;;;;;;;;Epoxy resin (heat resistant);;;;;;;;;;;;;;;;;;;;;;;;;;;;;;;;;;;;;;;;;;;;;;;;;;Epoxy resin (heat resistant);;;;;;;;;;;;;;;;;;;;;;;;;;;;;;;;;;;;;;;;;;;;;;;;;;;;;;;;;;;;;;;;;;;;;;;;;;;;;;;;;;;;;;;;;;;;;;;;;;;;;;;;;;;;;;;;;;;;;;;;;;;;;;;;;;;;;;;;;;;;;;;;
Epoxy resin (flexibilized);;;;;;;;;;;;;;;;;;;;;;;;;;;+;115;127;115;127;5.69;6.27;5.65;6.23;26.6;29.4;-;0;0;0;0;0;0;115;127;+;+;30;31.5;2.42;2.54;+;-;2.68;4.76;2570;6440;960;1030;0.976;1.03;;;;Epoxy resin (flexibilized);;;;;;;;;;;;;;;;;;;;;;194.2;236.2;278.2;;;;;;;;;;;;Epoxy resin (flexibilized);;;;;;;;;;;;;;;;;;;;;;;;;;;;;;;;;;;;;;;;;;;;;;;;;;Epoxy resin (flexibilized);;;;;;;;;;;;;;;;;;;;;;;;;;;;;;;;;;;;;;;;;;;;;;;;;;;;;;;;;;;;;;;;;;;;;;;;;;;;;;;;;;;;;;;;;;;;;;;;;;;;;;;;;;;;;;;;;;;;;;;;;;;;;;;;;;;;;;;;;;;;;;;;
PMMA (cast sheet);;;;;;;;;;;;;;;;;;;;;;;+;;;;;107;118;107;118;5.88;6.48;5.85;6.45;72.3;79.9;+;36.4;40.3;2;2.2;0.672;0.742;106.525568;117.423466;+;+;25.9;27.2;2.15;2.25;+;-;1.59;2.22;1870;2660;1180;1200;2.7;2.9;;;;PMMA (cast sheet);;;;;;;;;;;;;;;;;;;185.725568;191.174517;196.623466;;;;;;;;;;;;;;;PMMA (cast sheet);;;;;;;;;;;;;;;;;;;;;;;;;;;;;;;;;;;;;;;;;;;;;;;;;;PMMA (cast sheet);;;;;;;;;;;;;;;;;;;;;;;;;;;;;;;;;;;;;;;;;;;;;;;;;;;;;;;;;;;;;;;;;;;;;;;;;;;;;;;;;;;;;;;;;;;;;;;;;;;;;;;;;;;;;;;;;;;;;;;;;;;;;;;;;;;;;;;;;;;;;;;;
PMMA (heat resistant);;;;;;;;;;;;;;;;;;;;;;;+;;;;;107;118;107;118;5.88;6.48;5.85;6.45;72.3;79.9;+;36.4;40.3;2;2.2;0.672;0.742;106.525568;117.423466;+;+;25.9;27.2;2.15;2.25;+;-;1.59;2.22;1840;2700;1160;1220;2.41;3.8;;;;PMMA (heat resistant);;;;;;;;;;;;;;;;;;;185.725568;191.174517;196.623466;;;;;;;;;;;;;;;PMMA (heat resistant);;;;;;;;;;;;;;;;;;;;;;;;;;;;;;;;;;;;;;;;;;;;;;;;;;PMMA (heat resistant);;;;;;;;;;;;;;;;;;;;;;;;;;;;;;;;;;;;;;;;;;;;;;;;;;;;;;;;;;;;;;;;;;;;;;;;;;;;;;;;;;;;;;;;;;;;;;;;;;;;;;;;;;;;;;;;;;;;;;;;;;;;;;;;;;;;;;;;;;;;;;;;
PMMA (impact modified);;;;;;;;;;;;;;;;;;;;;;;+;;;;;111;122;110;122;5.96;6.57;5.93;6.54;66.2;73.2;+;37.6;41.5;2;2.23;0.672;0.742;110.506752;121.40269;+;+;25.9;27.2;2.15;2.25;+;-;2.11;2.73;2340;3220;1110;1180;1.6;3.3;;;;PMMA (impact modified);;;;;;;;;;;;;;;;;;;189.706752;195.154721;200.60269;;;;;;;;;;;;;;;PMMA (impact modified);;;;;;;;;;;;;;;;;;;;;;;;;;;;;;;;;;;;;;;;;;;;;;;;;;PMMA (impact modified);;;;;;;;;;;;;;;;;;;;;;;;;;;;;;;;;;;;;;;;;;;;;;;;;;;;;;;;;;;;;;;;;;;;;;;;;;;;;;;;;;;;;;;;;;;;;;;;;;;;;;;;;;;;;;;;;;;;;;;;;;;;;;;;;;;;;;;;;;;;;;;;
PMMA (molding and extrusion);;;;;;;;;;;;;;;;;;;;;;;+;;;;;107;118;107;118;5.88;6.48;5.85;6.45;72.3;79.9;+;36.4;40.3;2;2.2;0.672;0.742;106.525568;117.423466;+;+;25.9;27.2;2.15;2.25;+;-;1.59;2.22;1860;2660;1170;1200;2.24;3.24;;;;PMMA (molding and extrusion);;;;;;;;;;;;;;;;;;;185.725568;191.174517;196.623466;;;;;;;;;;;;;;;PMMA (molding and extrusion);;;;;;;;;;;;;;;;;;;;;;;;;;;;;;;;;;;;;;;;;;;;;;;;;;PMMA (molding and extrusion);;;;;;;;;;;;;;;;;;;;;;;;;;;;;;;;;;;;;;;;;;;;;;;;;;;;;;;;;;;;;;;;;;;;;;;;;;;;;;;;;;;;;;;;;;;;;;;;;;;;;;;;;;;;;;;;;;;;;;;;;;;;;;;;;;;;;;;;;;;;;;;;
PMMA+PC (unfilled);;;;;;;;;;;;;;;;;;;;;;;+;;;;;105;116;105;116;5.12;5.64;5.12;5.64;119;131;+;35.6;39.4;1.74;1.92;0.1;0.1;104.9306;115.9234;+;+;26.5;28.8;2.29;2.4;+;-;2.28;3.41;2590;3950;1140;1160;2.21;2.41;;;;PMMA+PC (unfilled);;;;;;;;;;;;;;;;;;;184.1306;189.627;195.1234;;;;;;;;;;;;;;;PMMA+PC (unfilled);;;;;;;;;;;;;;;;;;;;;;;;;;;;;;;;;;;;;;;;;;;;;;;;;;PMMA+PC (unfilled);;;;;;;;;;;;;;;;;;;;;;;;;;;;;;;;;;;;;;;;;;;;;;;;;;;;;;;;;;;;;;;;;;;;;;;;;;;;;;;;;;;;;;;;;;;;;;;;;;;;;;;;;;;;;;;;;;;;;;;;;;;;;;;;;;;;;;;;;;;;;;;;
Stainless steel. austenitic. AISI 316L. annealed;;;;;;;;;;;;;;;;;+;;;;;;;;;;;77.7;85.6;43.8;51.9;6.76;7.46;3.74;4.45;144;159;+;16.4;18.1;1.29;1.42;49.4;54.6;47.4178;48.745;+;-;not inf;NO;NO;not inf;+;-;3.2;4.11;25100;33200;7870;8070;190;205;195;195;;Stainless steel. austenitic. AISI 316L. annealed;;;;;;;;;;133.8178;156.0814;178.345;;;;;;;;;;;;;;;;;;;;;;;;Stainless steel. austenitic. AISI 316L. annealed;;;;;;;;;;;;;;;;;;;;;;;;;;;;;;;;;;;;;;;;;;;;;;;;;;Stainless steel. austenitic. AISI 316L. annealed;;;;;;;;;;;;;;;;;;;;;;;;;;;;;;;;;;;;;;;;;;;;;;;;;;;;;;;;;;;;;;;;;;;;;;;;;;;;;;;;;;;;;;;;;;;;;;;;;;;;;;;;;;;;;;;;;;;;;;;;;;;;;;;;;;;;;;;;;;;;;;;;
Aluminium A360.0. die cast. F;;;;;;;;;;;;;;;;;+;;;;;;;;;;;179;198;109;128;12.9;14.2;7.96;9.3;1020;1130;+;30.9;34.2;2.43;2.69;42.8;47.3;115.6132;120.5226;+;-;not inf;NO;NO;not inf;+;-;1.73;2.02;4600;5480;2660;2710;69.6;72.4;;;;Aluminium A360.0. die cast. F;;;;;;;;;;468.4132;586.0679;703.7226;;;;;;;;;;;;;;;;;;;;;;;;Aluminium A360.0. die cast. F;;;;;;;;;;;;;;;;;;;;;;;;;;;;;;;;;;;;;;;;;;;;;;;;;;Aluminium A360.0. die cast. F;;;;;;;;;;;;;;;;;;;;;;;;;;;;;;;;;;;;;;;;;;;;;;;;;;;;;;;;;;;;;;;;;;;;;;;;;;;;;;;;;;;;;;;;;;;;;;;;;;;;;;;;;;;;;;;;;;;;;;;;;;;;;;;;;;;;;;;;;;;;;;;;
Magnesium. AZ91D. cast. F;;;;;;;;;;;;;;;;;+;;;;;;;;;;;357;393;177;214;26.4;29.1;13.2;15.9;946;1050;+;52.2;57.7;4.1;4.53;51.3;56.7;200.6376;202.8849;+;-;-;;;;+;-;2.29;2.78;4130;5050;1800;1820;44;46;;;;Magnesium. AZ91D. cast. F;;;;;;;;;;294.2376;295.36125;296.4849;;;;;;;;;;;;;;;;;;;;;;;;Magnesium. AZ91D. cast. F;;;;;;;;;;;;;;;;;;;;;;;;;;;;;;;;;;;;;;;;;;;;;;;;;;Magnesium. AZ91D. cast. F;;;;;;;;;;;;;;;;;;;;;;;;;;;;;;;;;;;;;;;;;;;;;;;;;;;;;;;;;;;;;;;;;;;;;;;;;;;;;;;;;;;;;;;;;;;;;;;;;;;;;;;;;;;;;;;;;;;;;;;;;;;;;;;;;;;;;;;;;;;;;;;;
Magnesium. AZ91C. cast. T6;;;;;;;;;;;;;;;;;+;;;;;;;;;;;357;393;177;214;26.4;29.1;13.2;15.9;946;1050;+;52.2;57.7;4.1;4.53;51.3;56.7;200.6376;202.8849;+;-;-;;;;+;-;2.29;2.79;4120;5050;1800;1810;45;47.3;44.9;47.2;;Magnesium. AZ91C. cast. T6;;;;;;;;;;294.2376;295.36125;296.4849;;;;;;;;;;;;;;;;;;;;;;;;Magnesium. AZ91C. cast. T6;;;;;;;;;;;;;;;;;;;;;;;;;;;;;;;;;;;;;;;;;;;;;;;;;;Magnesium. AZ91C. cast. T6;;;;;;;;;;;;;;;;;;;;;;;;;;;;;;;;;;;;;;;;;;;;;;;;;;;;;;;;;;;;;;;;;;;;;;;;;;;;;;;;;;;;;;;;;;;;;;;;;;;;;;;;;;;;;;;;;;;;;;;;;;;;;;;;;;;;;;;;;;;;;;;;
Magnesium. AZ80A.  T5;;;;;;;;;;;;;;;;;+;;;;;;;;;;;349;385;177;213;21.8;24;11.4;13.7;941;1040;+;51.3;56.7;4;4.46;51.3;56.7;196.2799;198.8539;+;-;;;;;+;-;2.29;2.79;4130;5050;1800;1810;44;46;44.9;44.9;;Magnesium. AZ80A.  T5;;;;;;;;;;289.8799;291.1669;292.4539;;;;;;;;;;;;;;;;;;;;;;;;Magnesium. AZ80A.  T5;;;;;;;;;;;;;;;;;;;;;;;;;;;;;;;;;;;;;;;;;;;;;;;;;;Magnesium. AZ80A.  T5;;;;;;;;;;;;;;;;;;;;;;;;;;;;;;;;;;;;;;;;;;;;;;;;;;;;;;;;;;;;;;;;;;;;;;;;;;;;;;;;;;;;;;;;;;;;;;;;;;;;;;;;;;;;;;;;;;;;;;;;;;;;;;;;;;;;;;;;;;;;;;;;
Magnesium. AZ81A.  CAST;;;;;;;;;;;;;;;;;+;;;;;;;;;;;350;386;178;214;21.8;24.1;11.5;13.7;944;1040;+;51.5;56.9;4;4.47;51.3;56.7;196.8695;199.4003;+;-;;;;;+;-;2.3;2.8;4170;5090;1810;1820;40;45;;;;Magnesium. AZ81A.  CAST;;;;;;;;;;290.4695;291.7349;293.0003;;;;;;;;;;;;;;;;;;;;;;;;Magnesium. AZ81A.  CAST;;;;;;;;;;;;;;;;;;;;;;;;;;;;;;;;;;;;;;;;;;;;;;;;;;Magnesium. AZ81A.  CAST;;;;;;;;;;;;;;;;;;;;;;;;;;;;;;;;;;;;;;;;;;;;;;;;;;;;;;;;;;;;;;;;;;;;;;;;;;;;;;;;;;;;;;;;;;;;;;;;;;;;;;;;;;;;;;;;;;;;;;;;;;;;;;;;;;;;;;;;;;;;;;;;
;;;;;;;;;;;;;;;;;;;;;;;;;;;;;;;;;;;;;;;;;;;;;;;;;;;;;;;;;;;;;;;;;;;;;;;;;;;;;;;;;;;;;;;;;;;;;;;;;;;;;;;;;;;;;;;;;;;;;;;;;;;;;;;;;;;;;;;;;;;;;;;;;;;;;;;;;;;;;;;;;;;;;;;;;;;;;;;;;;;;;;;;;;;;;;;;;;;;;;;;;;;;;;;;;;;;;;;;;;;;;;;;;;;;;;;;;;;;;;;;;;;;;;;;;;;;;;;;;;;;;;;;;;;;;;;;;;;;;;;;;;;;;;;;;;;;;;;;
;;;;;;;;;;;;;;;;;;;;;;;;;;;;;;;;;;;;;;;;;;;;;;;;;;;;;;;;;;;;;;;;;;;;;;;;;;;;;;;;;;;;;;;;;;;;;;;;;;;;;;;;;;;;;;;;;;;;;;;;;;;;;;;;;;;;;;;;;;;;;;;;;;;;;;;;;;;;;;;;;;;;;;;;;;;;;;;;;;;;;;;;;;;;;;;;;;;;;;;;;;;;;;;;;;;;;;;;;;;;;;;;;;;;;;;;;;;;;;;;;;;;;;;;;;;;;;;;;;;;;;;;;;;;;;;;;;;;;;;;;;;;;;;;;;;;;;;;
;;;;;;;;;;;;;;;;;;;;;;;;;;;;;;;;;;;;;;;;;;;;;;;;;;;;;;;;;;;;;;;;;;;;;;;;;;;;;;;;;;;;;;;;;;;;;;;;;;;;;;;;;;;;;;;;;;;;;;;;;;;;;;;;;;;;;;;;;;;;;;;;;;;;;;;;;;;;;;;;;;;;;;;;;;;;;;;;;;;;;;;;;;;;;;;;;;;;;;;;;;;;;;;;;;;;;;;;;;;;;;;;;;;;;;;;;;;;;;;;;;;;;;;;;;;;;;;;;;;;;;;;;;;;;;;;;;;;;;;;;;;;;;;;;;;;;;;;
;;;;;;;;;;;;;;;;;;;;;;;;;;;;;;;;;;;;;;;;;;;;;;;;;;;;;;;;;;;;;;;;;;;;;;;;;;;;;;;;;;;;;;;;;;;;;;;;;;;;;;;;;;;;;;;;;;;;;;;;;;;;;;;;;;;;;;;;;;;;;;;;;;;;;;;;;;;;;;;;;;;;;;;;;;;;;;;;;;;;;;;;;;;;;;;;;;;;;;;;;;;;;;;;;;;;;;;;;;;;;;;;;;;;;;;;;;;;;;;;;;;;;;;;;;;;;;;;;;;;;;;;;;;;;;;;;;;;;;;;;;;;;;;;;;;;;;;;
;;;;;;;;;;;;;;;;;;;;;;;;;;;;;;;;;;;;;;;;;;;;;;;;;;;;;;;;;;;;;;;;;;;;;;;;;;;;;;;;;;;;;;;;;;;;;;;;;;;;;;;;;;;;;;;;;;;;;;;;;;;;;;;;;;;;;;;;;;;;;;;;;;;;;;;;;;;;;;;;;;;;;;;;;;;;;;;;;;;;;;;;;;;;;;;;;;;;;;;;;;;;;;;;;;;;;;;;;;;;;;;;;;;;;;;;;;;;;;;;;;;;;;;;;;;;;;;;;;;;;;;;;;;;;;;;;;;;;;;;;;;;;;;;;;;;;;;;
;;;;;;;;;;;;;;;;;;;;;;;;;;;;;;;;;;;;;;;;;;;;;;;;;;;;;;;;;;;;;;;;;;;;;;;;;;;;;;;;;;;;;;;;;;;;;;;;;;;;;;;;;;;;;;;;;;;;;;;;;;;;;;;;;;;;;;;;;;;;;;;;;;;;;;;;;;;;;;;;;;;;;;;;;;;;;;;;;;;;;;;;;;;;;;;;;;;;;;;;;;;;;;;;;;;;;;;;;;;;;;;;;;;;;;;;;;;;;;;;;;;;;;;;;;;;;;;;;;;;;;;;;;;;;;;;;;;;;;;;;;;;;;;;;;;;;;;;
;;;;;;;;;;;;;;;;;;;;;;;;;;;;;;;;;;;;;;;;;;;;;;;;;;;;;;;;;;;;;;;;;;;;;;;;;;;;;;;;;;;;;;;;;;;;;;;;;;;;;;;;;;;;;;;;;;;;;;;;;;;;;;;;;;;;;;;;;;;;;;;;;;;;;;;;;;;;;;;;;;;;;;;;;;;;;;;;;;;;;;;;;;;;;;;;;;;;;;;;;;;;;;;;;;;;;;;;;;;;;;;;;;;;;;;;;;;;;;;;;;;;;;;;;;;;;;;;;;;;;;;;;;;;;;;;;;;;;;;;;;;;;;;;;;;;;;;;
;;;;;;;;;;;;;;;;;;;;;;;;;;;;;;;;;;;;;;;;;;;;;;;;;;;;;;;;;;;;;;;;;;;;;;;;;;;;;;;;;;;;;;;;;;;;;;;;;;;;;;;;;;;;;;;;;;;;;;;;;;;;;;;;;;;;;;;;;;;;;;;;;;;;;;;;;;;;;;;;;;;;;;;;;;;;;;;;;;;;;;;;;;;;;;;;;;;;;;;;;;;;;;;;;;;;;;;;;;;;;;;;;;;;;;;;;;;;;;;;;;;;;;;;;;;;;;;;;;;;;;;;;;;;;;;;;;;;;;;;;;;;;;;;;;;;;;;;
;;;;;;;;;;;;;;;;;;;;;;;;;;;;;;;;;;;;;;;;;;;;;;;;;;;;;;;;;;;;;;;;;;;;;;;;;;;;;;;;;;;;;;;;;;;;;;;;;;;;;;;;;;;;;;;;;;;;;;;;;;;;;;;;;;;;;;;;;;;;;;;;;;;;;;;;;;;;;;;;;;;;;;;;;;;;;;;;;;;;;;;;;;;;;;;;;;;;;;;;;;;;;;;;;;;;;;;;;;;;;;;;;;;;;;;;;;;;;;;;;;;;;;;;;;;;;;;;;;;;;;;;;;;;;;;;;;;;;;;;;;;;;;;;;;;;;;;;
;;;;;;;;;;;;;;;;;;;;;;;;;;;;;;;;;;;;;;;;;;;;;;;;;;;;;;;;;;;;;;;;;;;;;;;;;;;;;;;;;;;;;;;;;;;;;;;;;;;;;;;;;;;;;;;;;;;;;;;;;;;;;;;;;;;;;;;;;;;;;;;;;;;;;;;;;;;;;;;;;;;;;;;;;;;;;;;;;;;;;;;;;;;;;;;;;;;;;;;;;;;;;;;;;;;;;;;;;;;;;;;;;;;;;;;;;;;;;;;;;;;;;;;;;;;;;;;;;;;;;;;;;;;;;;;;;;;;;;;;;;;;;;;;;;;;;;;;
;;;;;;;;;;;;;;;;;;;;;;;;;;;;;;;;;;;;;;;;;;;;;;;;;;;;;;;;;;;;;;;;;;;;;;;;;;;;;;;;;;;;;;;;;;;;;;;;;;;;;;;;;;;;;;;;;;;;;;;;;;;;;;;;;;;;;;;;;;;;;;;;;;;;;;;;;;;;;;;;;;;;;;;;;;;;;;;;;;;;;;;;;;;;;;;;;;;;;;;;;;;;;;;;;;;;;;;;;;;;;;;;;;;;;;;;;;;;;;;;;;;;;;;;;;;;;;;;;;;;;;;;;;;;;;;;;;;;;;;;;;;;;;;;;;;;;;;;
;;;;;;;;;;;;;;;;;;;;;;;;;;;;;;;;;;;;;;;;;;;;;;;;;;;;;;;;;;;;;;;;;;;;;;;;;;;;;;;;;;;;;;;;;;;;;;;;;;;;;;;;;;;;;;;;;;;;;;;;;;;;;;;;;;;;;;;;;;;;;;;;;;;;;;;;;;;;;;;;;;;;;;;;;;;;;;;;;;;;;;;;;;;;;;;;;;;;;;;;;;;;;;;;;;;;;;;;;;;;;;;;;;;;;;;;;;;;;;;;;;;;;;;;;;;;;;;;;;;;;;;;;;;;;;;;;;;;;;;;;;;;;;;;;;;;;;;;
;;;;;;;;;;;;;;;;;;;;;;;;;;;;;;;;;;;;;;;;;;;;;;;;;;;;;;;;;;;;;;;;;;;;;;;;;;;;;;;;;;;;;;;;;;;;;;;;;;;;;;;;;;;;;;;;;;;;;;;;;;;;;;;;;;;;;;;;;;;;;;;;;;;;;;;;;;;;;;;;;;;;;;;;;;;;;;;;;;;;;;;;;;;;;;;;;;;;;;;;;;;;;;;;;;;;;;;;;;;;;;;;;;;;;;;;;;;;;;;;;;;;;;;;;;;;;;;;;;;;;;;;;;;;;;;;;;;;;;;;;;;;;;;;;;;;;;;;
;;;;;;;;;;;;;;;;;;;;;;;;;;;;;;;;;;;;;;;;;;;;;;;;;;;;;;;;;;;;;;;;;;;;;;;;;;;;;;;;;;;;;;;;;;;;;;;;;;;;;;;;;;;;;;;;;;;;;;;;;;;;;;;;;;;;;;;;;;;;;;;;;;;;;;;;;;;;;;;;;;;;;;;;;;;;;;;;;;;;;;;;;;;;;;;;;;;;;;;;;;;;;;;;;;;;;;;;;;;;;;;;;;;;;;;;;;;;;;;;;;;;;;;;;;;;;;;;;;;;;;;;;;;;;;;;;;;;;;;;;;;;;;;;;;;;;;;;
;;;;;;;;;;;;;;;;;;;;;;;;;;;;;;;;;;;;;;;;;;;;;;;;;;;;;;;;;;;;;;;;;;;;;;;;;;;;;;;;;;;;;;;;;;;;;;;;;;;;;;;;;;;;;;;;;;;;;;;;;;;;;;;;;;;;;;;;;;;;;;;;;;;;;;;;;;;;;;;;;;;;;;;;;;;;;;;;;;;;;;;;;;;;;;;;;;;;;;;;;;;;;;;;;;;;;;;;;;;;;;;;;;;;;;;;;;;;;;;;;;;;;;;;;;;;;;;;;;;;;;;;;;;;;;;;;;;;;;;;;;;;;;;;;;;;;;;;
;;;;;;;;;;;;;;;;;;;;;;;;;;;;;;;;;;;;;;;;;;;;;;;;;;;;;;;;;;;;;;;;;;;;;;;;;;;;;;;;;;;;;;;;;;;;;;;;;;;;;;;;;;;;;;;;;;;;;;;;;;;;;;;;;;;;;;;;;;;;;;;;;;;;;;;;;;;;;;;;;;;;;;;;;;;;;;;;;;;;;;;;;;;;;;;;;;;;;;;;;;;;;;;;;;;;;;;;;;;;;;;;;;;;;;;;;;;;;;;;;;;;;;;;;;;;;;;;;;;;;;;;;;;;;;;;;;;;;;;;;;;;;;;;;;;;;;;;
;;;;;;;;;;;;;;;;;;;;;;;;;;;;;;;;;;;;;;;;;;;;;;;;;;;;;;;;;;;;;;;;;;;;;;;;;;;;;;;;;;;;;;;;;;;;;;;;;;;;;;;;;;;;;;;;;;;;;;;;;;;;;;;;;;;;;;;;;;;;;;;;;;;;;;;;;;;;;;;;;;;;;;;;;;;;;;;;;;;;;;;;;;;;;;;;;;;;;;;;;;;;;;;;;;;;;;;;;;;;;;;;;;;;;;;;;;;;;;;;;;;;;;;;;;;;;;;;;;;;;;;;;;;;;;;;;;;;;;;;;;;;;;;;;;;;;;;;
;;;;;;;;;;;;;;;;;;;;;;;;;;;;;;;;;;;;;;;;;;;;;;;;;;;;;;;;;;;;;;;;;;;;;;;;;;;;;;;;;;;;;;;;;;;;;;;;;;;;;;;;;;;;;;;;;;;;;;;;;;;;;;;;;;;;;;;;;;;;;;;;;;;;;;;;;;;;;;;;;;;;;;;;;;;;;;;;;;;;;;;;;;;;;;;;;;;;;;;;;;;;;;;;;;;;;;;;;;;;;;;;;;;;;;;;;;;;;;;;;;;;;;;;;;;;;;;;;;;;;;;;;;;;;;;;;;;;;;;;;;;;;;;;;;;;;;;;
;;;;;;;;;;;;;;;;;;;;;;;;;;;;;;;;;;;;;;;;;;;;;;;;;;;;;;;;;;;;;;;;;;;;;;;;;;;;;;;;;;;;;;;;;;;;;;;;;;;;;;;;;;;;;;;;;;;;;;;;;;;;;;;;;;;;;;;;;;;;;;;;;;;;;;;;;;;;;;01-janv;5.244;;;;;;;;;;;;;;;;;;;;;;;;;;;;;;;;;;;;;;;;;;;;;;;;;;;;;;;;;;;;;;;;;;;;;;;;;;;;;;;;;;;;;;;;;;;;;;;;;;;;;;;;;;;;;;;;;;;;;;;;;;;;;;;;;;;;;;;;;
